Date,StoreID,SKU,Category,Price,Units_Sold,Promotion,Discount_Pct,DayOfWeek,DayName,Week,Day,Revenue,Stock_On_Hand,Reorder_Point,Lead_Time_Days,Shipping_Cost_Unit,Stock_Risk,Inventory_Cushion
2026-01-14,104,Energy_Drink,Beverage,2.5,113,BOGO,0.5,2,Wednesday,3,14,282.5,154,49,6,0.12,False,105
2026-01-11,105,Chips_SeaSalt,Snacks,3.99,29,None,0.0,6,Sunday,2,11,115.71000000000001,163,47,7,0.1,False,116
2026-01-05,101,Chips_SeaSalt,Snacks,3.99,29,None,0.0,0,Monday,2,5,115.71000000000001,113,49,7,0.22,False,64
2026-01-26,104,Granola_Honey,Health,5.5,26,None,0.0,0,Monday,5,26,143.0,146,58,3,0.22,False,88
2026-01-31,101,Granola_Nut,Health,5.5,137,10%_Discount,0.1,5,Saturday,5,31,753.5,95,59,6,0.25,False,36
2026-01-23,102,Energy_Drink,Beverage,2.5,69,BOGO,0.5,4,Friday,4,23,172.5,69,54,5,0.18,False,15
2026-01-19,105,Granola_Nut,Health,5.5,38,None,0.0,0,Monday,4,19,209.0,4,60,3,0.26,True,-56
2026-01-19,105,Energy_Drink,Beverage,2.5,13,None,0.0,0,Monday,4,19,32.5,76,40,5,0.12,False,36
2026-01-20,102,Granola_Honey,Health,5.5,63,10%_Discount,0.1,1,Tuesday,4,20,346.5,90,40,7,0.3,False,50
2026-01-09,102,Granola_Honey,Health,5.5,26,None,0.0,4,Friday,2,9,143.0,90,40,7,0.3,False,50
2026-01-03,103,Granola_Nut,Health,5.5,98,10%_Discount,0.1,5,Saturday,1,3,539.0,157,59,5,0.2,False,98
2026-01-03,102,Granola_Nut,Health,5.5,47,None,0.0,5,Saturday,1,3,258.5,179,59,4,0.1,False,120
2026-01-07,104,Chips_SeaSalt,Snacks,3.99,41,None,0.0,2,Wednesday,2,7,163.59,10,46,6,0.26,True,-36
2026-01-28,103,Chips_SeaSalt,Snacks,3.99,83,BOGO,0.5,2,Wednesday,5,28,331.17,99,54,4,0.3,False,45
2026-01-17,103,Chips_Vinegar,Snacks,3.99,138,BOGO,0.5,5,Saturday,3,17,550.62,7,56,3,0.27,True,-49
2026-01-25,102,Energy_Drink,Beverage,2.5,76,10%_Discount,0.1,6,Sunday,4,25,190.0,69,54,5,0.18,False,15
2026-01-23,105,Chips_SeaSalt,Snacks,3.99,114,BOGO,0.5,4,Friday,4,23,454.86,163,47,7,0.1,False,116
2026-01-15,105,Chips_SeaSalt,Snacks,3.99,16,None,0.0,3,Thursday,3,15,63.84,163,47,7,0.1,False,116
2026-01-25,103,Granola_Honey,Health,5.5,42,None,0.0,6,Sunday,4,25,231.0,144,51,5,0.23,False,93
2026-01-20,101,Granola_Honey,Health,5.5,79,BOGO,0.5,1,Tuesday,4,20,434.5,39,60,6,0.18,True,-21
2026-01-16,104,Chips_Vinegar,Snacks,3.99,132,10%_Discount,0.1,4,Friday,3,16,526.6800000000001,158,60,2,0.19,False,98
2026-01-16,105,Chips_SeaSalt,Snacks,3.99,142,BOGO,0.5,4,Friday,3,16,566.58,163,47,7,0.1,False,116
2026-01-20,101,Energy_Drink,Beverage,2.5,40,None,0.0,1,Tuesday,4,20,100.0,88,47,7,0.25,False,41
2026-01-06,104,Granola_Honey,Health,5.5,128,BOGO,0.5,1,Tuesday,2,6,704.0,146,58,3,0.22,False,88
2026-01-07,101,Energy_Drink,Beverage,2.5,28,None,0.0,2,Wednesday,2,7,70.0,88,47,7,0.25,False,41
2026-01-12,105,Granola_Honey,Health,5.5,132,BOGO,0.5,0,Monday,3,12,726.0,99,41,5,0.17,False,58
2026-01-07,105,Energy_Drink,Beverage,2.5,35,None,0.0,2,Wednesday,2,7,87.5,76,40,5,0.12,False,36
2026-01-04,101,Chips_Vinegar,Snacks,3.99,85,10%_Discount,0.1,6,Sunday,1,4,339.15000000000003,61,58,2,0.12,False,3
2026-01-28,103,Granola_Nut,Health,5.5,42,None,0.0,2,Wednesday,5,28,231.0,157,59,5,0.2,False,98
2026-01-29,101,Energy_Drink,Beverage,2.5,13,None,0.0,3,Thursday,5,29,32.5,88,47,7,0.25,False,41
2026-01-20,102,Granola_Nut,Health,5.5,138,BOGO,0.5,1,Tuesday,4,20,759.0,179,59,4,0.1,False,120
2026-01-31,102,Granola_Nut,Health,5.5,22,None,0.0,5,Saturday,5,31,121.0,179,59,4,0.1,False,120
2026-01-09,101,Chips_Vinegar,Snacks,3.99,133,BOGO,0.5,4,Friday,2,9,530.6700000000001,61,58,2,0.12,False,3
2026-01-13,103,Chips_Vinegar,Snacks,3.99,44,None,0.0,1,Tuesday,3,13,175.56,7,56,3,0.27,True,-49
2026-01-20,102,Granola_Honey,Health,5.5,15,None,0.0,1,Tuesday,4,20,82.5,90,40,7,0.3,False,50
2026-01-30,104,Granola_Nut,Health,5.5,135,10%_Discount,0.1,4,Friday,5,30,742.5,92,52,2,0.27,False,40
2026-01-08,102,Energy_Drink,Beverage,2.5,29,None,0.0,3,Thursday,2,8,72.5,69,54,5,0.18,False,15
2026-01-08,101,Chips_SeaSalt,Snacks,3.99,32,None,0.0,3,Thursday,2,8,127.68,113,49,7,0.22,False,64
2026-01-25,104,Granola_Honey,Health,5.5,22,None,0.0,6,Sunday,4,25,121.0,146,58,3,0.22,False,88
2026-01-12,103,Chips_Vinegar,Snacks,3.99,15,None,0.0,0,Monday,3,12,59.85,7,56,3,0.27,True,-49
2026-01-31,104,Granola_Honey,Health,5.5,148,10%_Discount,0.1,5,Saturday,5,31,814.0,146,58,3,0.22,False,88
2026-01-02,105,Chips_Vinegar,Snacks,3.99,44,None,0.0,4,Friday,1,2,175.56,155,58,3,0.23,False,97
2026-01-14,101,Chips_Vinegar,Snacks,3.99,103,BOGO,0.5,2,Wednesday,3,14,410.97,61,58,2,0.12,False,3
2026-01-19,102,Granola_Nut,Health,5.5,99,10%_Discount,0.1,0,Monday,4,19,544.5,179,59,4,0.1,False,120
2026-01-08,103,Energy_Drink,Beverage,2.5,127,10%_Discount,0.1,3,Thursday,2,8,317.5,27,42,6,0.27,True,-15
2026-01-26,102,Chips_SeaSalt,Snacks,3.99,44,None,0.0,0,Monday,5,26,175.56,96,50,4,0.24,False,46
2026-01-08,105,Granola_Honey,Health,5.5,50,None,0.0,3,Thursday,2,8,275.0,99,41,5,0.17,False,58
2026-01-12,103,Energy_Drink,Beverage,2.5,61,10%_Discount,0.1,0,Monday,3,12,152.5,27,42,6,0.27,True,-15
2026-01-11,105,Granola_Honey,Health,5.5,138,10%_Discount,0.1,6,Sunday,2,11,759.0,99,41,5,0.17,False,58
2026-01-19,104,Energy_Drink,Beverage,2.5,36,None,0.0,0,Monday,4,19,90.0,154,49,6,0.12,False,105
2026-01-11,105,Chips_SeaSalt,Snacks,3.99,109,BOGO,0.5,6,Sunday,2,11,434.91,163,47,7,0.1,False,116
2026-01-27,102,Energy_Drink,Beverage,2.5,138,BOGO,0.5,1,Tuesday,5,27,345.0,69,54,5,0.18,False,15
2026-01-06,105,Chips_SeaSalt,Snacks,3.99,39,None,0.0,1,Tuesday,2,6,155.61,163,47,7,0.1,False,116
2026-01-01,101,Chips_Vinegar,Snacks,3.99,38,None,0.0,3,Thursday,1,1,151.62,61,58,2,0.12,False,3
2026-01-31,104,Chips_Vinegar,Snacks,3.99,43,None,0.0,5,Saturday,5,31,171.57000000000002,158,60,2,0.19,False,98
2026-01-28,102,Chips_Vinegar,Snacks,3.99,128,BOGO,0.5,2,Wednesday,5,28,510.72,188,47,6,0.11,False,141
2026-01-12,103,Chips_SeaSalt,Snacks,3.99,74,BOGO,0.5,0,Monday,3,12,295.26,99,54,4,0.3,False,45
2026-01-11,102,Granola_Honey,Health,5.5,126,10%_Discount,0.1,6,Sunday,2,11,693.0,90,40,7,0.3,False,50
2026-01-19,102,Energy_Drink,Beverage,2.5,97,BOGO,0.5,0,Monday,4,19,242.5,69,54,5,0.18,False,15
2026-01-26,105,Granola_Honey,Health,5.5,112,BOGO,0.5,0,Monday,5,26,616.0,99,41,5,0.17,False,58
2026-01-17,103,Chips_Vinegar,Snacks,3.99,125,10%_Discount,0.1,5,Saturday,3,17,498.75,7,56,3,0.27,True,-49
2026-01-21,101,Chips_Vinegar,Snacks,3.99,69,BOGO,0.5,2,Wednesday,4,21,275.31,61,58,2,0.12,False,3
2026-01-22,102,Energy_Drink,Beverage,2.5,37,None,0.0,3,Thursday,4,22,92.5,69,54,5,0.18,False,15
2026-01-05,101,Energy_Drink,Beverage,2.5,106,10%_Discount,0.1,0,Monday,2,5,265.0,88,47,7,0.25,False,41
2026-01-13,101,Chips_Vinegar,Snacks,3.99,47,None,0.0,1,Tuesday,3,13,187.53,61,58,2,0.12,False,3
2026-01-08,101,Granola_Nut,Health,5.5,14,None,0.0,3,Thursday,2,8,77.0,95,59,6,0.25,False,36
2026-01-08,103,Granola_Nut,Health,5.5,49,None,0.0,3,Thursday,2,8,269.5,157,59,5,0.2,False,98
2026-01-11,104,Granola_Honey,Health,5.5,113,BOGO,0.5,6,Sunday,2,11,621.5,146,58,3,0.22,False,88
2026-01-26,103,Granola_Honey,Health,5.5,83,BOGO,0.5,0,Monday,5,26,456.5,144,51,5,0.23,False,93
2026-01-11,105,Energy_Drink,Beverage,2.5,36,None,0.0,6,Sunday,2,11,90.0,76,40,5,0.12,False,36
2026-01-16,103,Granola_Nut,Health,5.5,50,None,0.0,4,Friday,3,16,275.0,157,59,5,0.2,False,98
2026-01-24,104,Energy_Drink,Beverage,2.5,103,10%_Discount,0.1,5,Saturday,4,24,257.5,154,49,6,0.12,False,105
2026-01-17,101,Chips_Vinegar,Snacks,3.99,70,10%_Discount,0.1,5,Saturday,3,17,279.3,61,58,2,0.12,False,3
2026-01-10,105,Chips_SeaSalt,Snacks,3.99,18,None,0.0,5,Saturday,2,10,71.82000000000001,163,47,7,0.1,False,116
2026-01-27,101,Energy_Drink,Beverage,2.5,118,BOGO,0.5,1,Tuesday,5,27,295.0,88,47,7,0.25,False,41
2026-01-04,104,Granola_Nut,Health,5.5,44,None,0.0,6,Sunday,1,4,242.0,92,52,2,0.27,False,40
2026-01-19,101,Granola_Honey,Health,5.5,39,None,0.0,0,Monday,4,19,214.5,39,60,6,0.18,True,-21
2026-01-08,101,Chips_SeaSalt,Snacks,3.99,12,None,0.0,3,Thursday,2,8,47.88,113,49,7,0.22,False,64
2026-01-02,102,Granola_Honey,Health,5.5,60,10%_Discount,0.1,4,Friday,1,2,330.0,90,40,7,0.3,False,50
2026-01-15,101,Energy_Drink,Beverage,2.5,127,10%_Discount,0.1,3,Thursday,3,15,317.5,88,47,7,0.25,False,41
2026-01-25,103,Chips_Vinegar,Snacks,3.99,44,None,0.0,6,Sunday,4,25,175.56,7,56,3,0.27,True,-49
2026-01-15,105,Energy_Drink,Beverage,2.5,90,10%_Discount,0.1,3,Thursday,3,15,225.0,76,40,5,0.12,False,36
2026-01-20,102,Chips_Vinegar,Snacks,3.99,18,None,0.0,1,Tuesday,4,20,71.82000000000001,188,47,6,0.11,False,141
2026-01-06,102,Energy_Drink,Beverage,2.5,107,BOGO,0.5,1,Tuesday,2,6,267.5,69,54,5,0.18,False,15
2026-01-29,103,Granola_Honey,Health,5.5,145,10%_Discount,0.1,3,Thursday,5,29,797.5,144,51,5,0.23,False,93
2026-01-11,102,Energy_Drink,Beverage,2.5,29,None,0.0,6,Sunday,2,11,72.5,69,54,5,0.18,False,15
2026-01-27,104,Chips_SeaSalt,Snacks,3.99,19,None,0.0,1,Tuesday,5,27,75.81,10,46,6,0.26,True,-36
2026-01-02,102,Chips_SeaSalt,Snacks,3.99,20,None,0.0,4,Friday,1,2,79.80000000000001,96,50,4,0.24,False,46
2026-01-21,103,Energy_Drink,Beverage,2.5,22,None,0.0,2,Wednesday,4,21,55.0,27,42,6,0.27,True,-15
2026-01-04,105,Granola_Honey,Health,5.5,150,10%_Discount,0.1,6,Sunday,1,4,825.0,99,41,5,0.17,False,58
2026-01-25,103,Chips_Vinegar,Snacks,3.99,88,BOGO,0.5,6,Sunday,4,25,351.12,7,56,3,0.27,True,-49
2026-01-09,101,Chips_SeaSalt,Snacks,3.99,19,None,0.0,4,Friday,2,9,75.81,113,49,7,0.22,False,64
2026-01-06,104,Granola_Honey,Health,5.5,109,BOGO,0.5,1,Tuesday,2,6,599.5,146,58,3,0.22,False,88
2026-01-11,101,Granola_Honey,Health,5.5,50,None,0.0,6,Sunday,2,11,275.0,39,60,6,0.18,True,-21
2026-01-21,101,Energy_Drink,Beverage,2.5,102,10%_Discount,0.1,2,Wednesday,4,21,255.0,88,47,7,0.25,False,41
2026-01-25,105,Chips_Vinegar,Snacks,3.99,26,None,0.0,6,Sunday,4,25,103.74000000000001,155,58,3,0.23,False,97
2026-01-11,105,Chips_Vinegar,Snacks,3.99,142,BOGO,0.5,6,Sunday,2,11,566.58,155,58,3,0.23,False,97
2026-01-22,101,Chips_SeaSalt,Snacks,3.99,21,None,0.0,3,Thursday,4,22,83.79,113,49,7,0.22,False,64
2026-01-20,102,Chips_Vinegar,Snacks,3.99,42,None,0.0,1,Tuesday,4,20,167.58,188,47,6,0.11,False,141
2026-01-31,105,Chips_Vinegar,Snacks,3.99,49,None,0.0,5,Saturday,5,31,195.51000000000002,155,58,3,0.23,False,97
2026-01-16,101,Energy_Drink,Beverage,2.5,37,None,0.0,4,Friday,3,16,92.5,88,47,7,0.25,False,41
2026-01-15,105,Granola_Honey,Health,5.5,140,10%_Discount,0.1,3,Thursday,3,15,770.0,99,41,5,0.17,False,58
2026-01-03,102,Granola_Honey,Health,5.5,30,None,0.0,5,Saturday,1,3,165.0,90,40,7,0.3,False,50
2026-01-26,102,Granola_Honey,Health,5.5,32,None,0.0,0,Monday,5,26,176.0,90,40,7,0.3,False,50
2026-01-27,102,Granola_Nut,Health,5.5,136,10%_Discount,0.1,1,Tuesday,5,27,748.0,179,59,4,0.1,False,120
2026-01-15,102,Chips_Vinegar,Snacks,3.99,19,None,0.0,3,Thursday,3,15,75.81,188,47,6,0.11,False,141
2026-01-04,104,Granola_Nut,Health,5.5,15,None,0.0,6,Sunday,1,4,82.5,92,52,2,0.27,False,40
2026-01-13,104,Chips_Vinegar,Snacks,3.99,94,10%_Discount,0.1,1,Tuesday,3,13,375.06,158,60,2,0.19,False,98
2026-01-02,105,Granola_Nut,Health,5.5,105,10%_Discount,0.1,4,Friday,1,2,577.5,4,60,3,0.26,True,-56
2026-01-15,103,Chips_Vinegar,Snacks,3.99,135,10%_Discount,0.1,3,Thursday,3,15,538.65,7,56,3,0.27,True,-49
2026-01-23,104,Energy_Drink,Beverage,2.5,118,BOGO,0.5,4,Friday,4,23,295.0,154,49,6,0.12,False,105
2026-01-10,103,Chips_SeaSalt,Snacks,3.99,109,10%_Discount,0.1,5,Saturday,2,10,434.91,99,54,4,0.3,False,45
2026-01-16,103,Energy_Drink,Beverage,2.5,91,10%_Discount,0.1,4,Friday,3,16,227.5,27,42,6,0.27,True,-15
2026-01-21,103,Granola_Honey,Health,5.5,125,BOGO,0.5,2,Wednesday,4,21,687.5,144,51,5,0.23,False,93
2026-01-03,101,Chips_Vinegar,Snacks,3.99,82,BOGO,0.5,5,Saturday,1,3,327.18,61,58,2,0.12,False,3
2026-01-19,101,Energy_Drink,Beverage,2.5,138,BOGO,0.5,0,Monday,4,19,345.0,88,47,7,0.25,False,41
2026-01-13,104,Granola_Nut,Health,5.5,22,None,0.0,1,Tuesday,3,13,121.0,92,52,2,0.27,False,40
2026-01-13,104,Energy_Drink,Beverage,2.5,129,10%_Discount,0.1,1,Tuesday,3,13,322.5,154,49,6,0.12,False,105
2026-01-05,105,Chips_Vinegar,Snacks,3.99,145,10%_Discount,0.1,0,Monday,2,5,578.5500000000001,155,58,3,0.23,False,97
2026-01-24,104,Energy_Drink,Beverage,2.5,101,10%_Discount,0.1,5,Saturday,4,24,252.5,154,49,6,0.12,False,105
2026-01-26,101,Granola_Nut,Health,5.5,11,None,0.0,0,Monday,5,26,60.5,95,59,6,0.25,False,36
2026-01-28,104,Granola_Honey,Health,5.5,69,BOGO,0.5,2,Wednesday,5,28,379.5,146,58,3,0.22,False,88
2026-01-14,104,Chips_SeaSalt,Snacks,3.99,149,10%_Discount,0.1,2,Wednesday,3,14,594.51,10,46,6,0.26,True,-36
2026-01-07,101,Granola_Honey,Health,5.5,121,10%_Discount,0.1,2,Wednesday,2,7,665.5,39,60,6,0.18,True,-21
2026-01-28,104,Chips_Vinegar,Snacks,3.99,16,None,0.0,2,Wednesday,5,28,63.84,158,60,2,0.19,False,98
2026-01-23,105,Energy_Drink,Beverage,2.5,75,BOGO,0.5,4,Friday,4,23,187.5,76,40,5,0.12,False,36
2026-01-17,104,Chips_Vinegar,Snacks,3.99,92,BOGO,0.5,5,Saturday,3,17,367.08000000000004,158,60,2,0.19,False,98
2026-01-13,104,Chips_SeaSalt,Snacks,3.99,20,None,0.0,1,Tuesday,3,13,79.80000000000001,10,46,6,0.26,True,-36
2026-01-23,103,Chips_Vinegar,Snacks,3.99,32,None,0.0,4,Friday,4,23,127.68,7,56,3,0.27,True,-49
2026-01-01,102,Granola_Nut,Health,5.5,123,BOGO,0.5,3,Thursday,1,1,676.5,179,59,4,0.1,False,120
2026-01-06,101,Energy_Drink,Beverage,2.5,132,10%_Discount,0.1,1,Tuesday,2,6,330.0,88,47,7,0.25,False,41
2026-01-14,103,Chips_SeaSalt,Snacks,3.99,32,None,0.0,2,Wednesday,3,14,127.68,99,54,4,0.3,False,45
2026-01-19,104,Chips_SeaSalt,Snacks,3.99,137,10%_Discount,0.1,0,Monday,4,19,546.63,10,46,6,0.26,True,-36
2026-01-10,105,Energy_Drink,Beverage,2.5,47,None,0.0,5,Saturday,2,10,117.5,76,40,5,0.12,False,36
2026-01-01,104,Chips_Vinegar,Snacks,3.99,71,10%_Discount,0.1,3,Thursday,1,1,283.29,158,60,2,0.19,False,98
2026-01-17,104,Granola_Honey,Health,5.5,110,BOGO,0.5,5,Saturday,3,17,605.0,146,58,3,0.22,False,88
2026-01-10,105,Granola_Honey,Health,5.5,33,None,0.0,5,Saturday,2,10,181.5,99,41,5,0.17,False,58
2026-01-15,104,Granola_Nut,Health,5.5,19,None,0.0,3,Thursday,3,15,104.5,92,52,2,0.27,False,40
2026-01-08,103,Granola_Honey,Health,5.5,43,None,0.0,3,Thursday,2,8,236.5,144,51,5,0.23,False,93
2026-01-18,102,Energy_Drink,Beverage,2.5,17,None,0.0,6,Sunday,3,18,42.5,69,54,5,0.18,False,15
2026-01-03,102,Chips_SeaSalt,Snacks,3.99,16,None,0.0,5,Saturday,1,3,63.84,96,50,4,0.24,False,46
2026-01-10,105,Granola_Honey,Health,5.5,32,None,0.0,5,Saturday,2,10,176.0,99,41,5,0.17,False,58
2026-01-27,101,Granola_Honey,Health,5.5,67,BOGO,0.5,1,Tuesday,5,27,368.5,39,60,6,0.18,True,-21
2026-01-14,103,Chips_SeaSalt,Snacks,3.99,143,BOGO,0.5,2,Wednesday,3,14,570.57,99,54,4,0.3,False,45
2026-01-18,102,Energy_Drink,Beverage,2.5,20,None,0.0,6,Sunday,3,18,50.0,69,54,5,0.18,False,15
2026-01-24,102,Granola_Nut,Health,5.5,63,BOGO,0.5,5,Saturday,4,24,346.5,179,59,4,0.1,False,120
2026-01-16,101,Granola_Honey,Health,5.5,40,None,0.0,4,Friday,3,16,220.0,39,60,6,0.18,True,-21
2026-01-09,104,Chips_SeaSalt,Snacks,3.99,147,BOGO,0.5,4,Friday,2,9,586.5300000000001,10,46,6,0.26,True,-36
2026-01-24,103,Chips_Vinegar,Snacks,3.99,43,None,0.0,5,Saturday,4,24,171.57000000000002,7,56,3,0.27,True,-49
2026-01-21,102,Energy_Drink,Beverage,2.5,148,10%_Discount,0.1,2,Wednesday,4,21,370.0,69,54,5,0.18,False,15
2026-01-17,103,Granola_Honey,Health,5.5,117,10%_Discount,0.1,5,Saturday,3,17,643.5,144,51,5,0.23,False,93
2026-01-04,103,Granola_Honey,Health,5.5,83,BOGO,0.5,6,Sunday,1,4,456.5,144,51,5,0.23,False,93
2026-01-19,103,Energy_Drink,Beverage,2.5,45,None,0.0,0,Monday,4,19,112.5,27,42,6,0.27,True,-15
2026-01-25,103,Granola_Honey,Health,5.5,64,10%_Discount,0.1,6,Sunday,4,25,352.0,144,51,5,0.23,False,93
2026-01-28,102,Chips_SeaSalt,Snacks,3.99,65,BOGO,0.5,2,Wednesday,5,28,259.35,96,50,4,0.24,False,46
2026-01-25,102,Energy_Drink,Beverage,2.5,101,10%_Discount,0.1,6,Sunday,4,25,252.5,69,54,5,0.18,False,15
2026-01-07,105,Granola_Nut,Health,5.5,29,None,0.0,2,Wednesday,2,7,159.5,4,60,3,0.26,True,-56
2026-01-24,104,Chips_SeaSalt,Snacks,3.99,47,None,0.0,5,Saturday,4,24,187.53,10,46,6,0.26,True,-36
2026-01-08,104,Chips_Vinegar,Snacks,3.99,13,None,0.0,3,Thursday,2,8,51.870000000000005,158,60,2,0.19,False,98
2026-01-12,101,Granola_Nut,Health,5.5,99,BOGO,0.5,0,Monday,3,12,544.5,95,59,6,0.25,False,36
2026-01-12,104,Chips_Vinegar,Snacks,3.99,25,None,0.0,0,Monday,3,12,99.75,158,60,2,0.19,False,98
2026-01-26,101,Chips_SeaSalt,Snacks,3.99,107,10%_Discount,0.1,0,Monday,5,26,426.93,113,49,7,0.22,False,64
2026-01-12,104,Chips_SeaSalt,Snacks,3.99,10,None,0.0,0,Monday,3,12,39.900000000000006,10,46,6,0.26,True,-36
2026-01-19,105,Energy_Drink,Beverage,2.5,47,None,0.0,0,Monday,4,19,117.5,76,40,5,0.12,False,36
2026-01-27,101,Granola_Honey,Health,5.5,74,BOGO,0.5,1,Tuesday,5,27,407.0,39,60,6,0.18,True,-21
2026-01-15,105,Granola_Nut,Health,5.5,139,10%_Discount,0.1,3,Thursday,3,15,764.5,4,60,3,0.26,True,-56
2026-01-19,103,Chips_Vinegar,Snacks,3.99,41,None,0.0,0,Monday,4,19,163.59,7,56,3,0.27,True,-49
2026-01-21,103,Chips_SeaSalt,Snacks,3.99,22,None,0.0,2,Wednesday,4,21,87.78,99,54,4,0.3,False,45
2026-01-11,105,Energy_Drink,Beverage,2.5,22,None,0.0,6,Sunday,2,11,55.0,76,40,5,0.12,False,36
2026-01-28,102,Granola_Honey,Health,5.5,139,BOGO,0.5,2,Wednesday,5,28,764.5,90,40,7,0.3,False,50
2026-01-04,102,Granola_Nut,Health,5.5,94,10%_Discount,0.1,6,Sunday,1,4,517.0,179,59,4,0.1,False,120
2026-01-10,101,Energy_Drink,Beverage,2.5,47,None,0.0,5,Saturday,2,10,117.5,88,47,7,0.25,False,41
2026-01-11,101,Granola_Nut,Health,5.5,15,None,0.0,6,Sunday,2,11,82.5,95,59,6,0.25,False,36
2026-01-02,104,Chips_SeaSalt,Snacks,3.99,81,BOGO,0.5,4,Friday,1,2,323.19,10,46,6,0.26,True,-36
2026-01-14,105,Energy_Drink,Beverage,2.5,92,BOGO,0.5,2,Wednesday,3,14,230.0,76,40,5,0.12,False,36
2026-01-15,104,Chips_Vinegar,Snacks,3.99,41,None,0.0,3,Thursday,3,15,163.59,158,60,2,0.19,False,98
2026-01-10,105,Energy_Drink,Beverage,2.5,76,10%_Discount,0.1,5,Saturday,2,10,190.0,76,40,5,0.12,False,36
2026-01-13,101,Chips_SeaSalt,Snacks,3.99,81,BOGO,0.5,1,Tuesday,3,13,323.19,113,49,7,0.22,False,64
2026-01-09,105,Energy_Drink,Beverage,2.5,66,10%_Discount,0.1,4,Friday,2,9,165.0,76,40,5,0.12,False,36
2026-01-21,102,Granola_Nut,Health,5.5,31,None,0.0,2,Wednesday,4,21,170.5,179,59,4,0.1,False,120
2026-01-14,105,Granola_Honey,Health,5.5,81,BOGO,0.5,2,Wednesday,3,14,445.5,99,41,5,0.17,False,58
2026-01-29,101,Chips_Vinegar,Snacks,3.99,136,BOGO,0.5,3,Thursday,5,29,542.64,61,58,2,0.12,False,3
2026-01-28,101,Granola_Nut,Health,5.5,19,None,0.0,2,Wednesday,5,28,104.5,95,59,6,0.25,False,36
2026-01-01,101,Granola_Honey,Health,5.5,43,None,0.0,3,Thursday,1,1,236.5,39,60,6,0.18,True,-21
2026-01-24,104,Granola_Honey,Health,5.5,16,None,0.0,5,Saturday,4,24,88.0,146,58,3,0.22,False,88
2026-01-15,105,Granola_Nut,Health,5.5,92,10%_Discount,0.1,3,Thursday,3,15,506.0,4,60,3,0.26,True,-56
2026-01-04,102,Energy_Drink,Beverage,2.5,19,None,0.0,6,Sunday,1,4,47.5,69,54,5,0.18,False,15
2026-01-16,104,Energy_Drink,Beverage,2.5,16,None,0.0,4,Friday,3,16,40.0,154,49,6,0.12,False,105
2026-01-26,102,Granola_Honey,Health,5.5,16,None,0.0,0,Monday,5,26,88.0,90,40,7,0.3,False,50
2026-01-26,104,Granola_Nut,Health,5.5,44,None,0.0,0,Monday,5,26,242.0,92,52,2,0.27,False,40
2026-01-24,105,Chips_Vinegar,Snacks,3.99,96,BOGO,0.5,5,Saturday,4,24,383.04,155,58,3,0.23,False,97
2026-01-16,103,Granola_Nut,Health,5.5,60,10%_Discount,0.1,4,Friday,3,16,330.0,157,59,5,0.2,False,98
2026-01-19,102,Energy_Drink,Beverage,2.5,35,None,0.0,0,Monday,4,19,87.5,69,54,5,0.18,False,15
2026-01-21,105,Energy_Drink,Beverage,2.5,34,None,0.0,2,Wednesday,4,21,85.0,76,40,5,0.12,False,36
2026-01-12,102,Chips_SeaSalt,Snacks,3.99,67,BOGO,0.5,0,Monday,3,12,267.33000000000004,96,50,4,0.24,False,46
2026-01-23,105,Chips_Vinegar,Snacks,3.99,71,10%_Discount,0.1,4,Friday,4,23,283.29,155,58,3,0.23,False,97
2026-01-26,101,Chips_Vinegar,Snacks,3.99,46,None,0.0,0,Monday,5,26,183.54000000000002,61,58,2,0.12,False,3
2026-01-21,104,Chips_Vinegar,Snacks,3.99,112,BOGO,0.5,2,Wednesday,4,21,446.88,158,60,2,0.19,False,98
2026-01-30,103,Granola_Honey,Health,5.5,31,None,0.0,4,Friday,5,30,170.5,144,51,5,0.23,False,93
2026-01-20,103,Chips_Vinegar,Snacks,3.99,64,10%_Discount,0.1,1,Tuesday,4,20,255.36,7,56,3,0.27,True,-49
2026-01-13,102,Granola_Nut,Health,5.5,19,None,0.0,1,Tuesday,3,13,104.5,179,59,4,0.1,False,120
2026-01-19,101,Chips_SeaSalt,Snacks,3.99,64,BOGO,0.5,0,Monday,4,19,255.36,113,49,7,0.22,False,64
2026-01-29,105,Chips_SeaSalt,Snacks,3.99,22,None,0.0,3,Thursday,5,29,87.78,163,47,7,0.1,False,116
2026-01-28,105,Granola_Nut,Health,5.5,94,10%_Discount,0.1,2,Wednesday,5,28,517.0,4,60,3,0.26,True,-56
2026-01-17,103,Energy_Drink,Beverage,2.5,36,None,0.0,5,Saturday,3,17,90.0,27,42,6,0.27,True,-15
2026-01-17,102,Chips_SeaSalt,Snacks,3.99,46,None,0.0,5,Saturday,3,17,183.54000000000002,96,50,4,0.24,False,46
2026-01-02,104,Granola_Honey,Health,5.5,29,None,0.0,4,Friday,1,2,159.5,146,58,3,0.22,False,88
2026-01-25,102,Chips_SeaSalt,Snacks,3.99,41,None,0.0,6,Sunday,4,25,163.59,96,50,4,0.24,False,46
2026-01-09,102,Chips_Vinegar,Snacks,3.99,24,None,0.0,4,Friday,2,9,95.76,188,47,6,0.11,False,141
2026-01-02,105,Chips_SeaSalt,Snacks,3.99,30,None,0.0,4,Friday,1,2,119.7,163,47,7,0.1,False,116
2026-01-02,102,Energy_Drink,Beverage,2.5,107,10%_Discount,0.1,4,Friday,1,2,267.5,69,54,5,0.18,False,15
2026-01-19,104,Granola_Nut,Health,5.5,26,None,0.0,0,Monday,4,19,143.0,92,52,2,0.27,False,40
2026-01-31,102,Granola_Nut,Health,5.5,37,None,0.0,5,Saturday,5,31,203.5,179,59,4,0.1,False,120
2026-01-07,101,Granola_Honey,Health,5.5,114,BOGO,0.5,2,Wednesday,2,7,627.0,39,60,6,0.18,True,-21
2026-01-29,103,Chips_Vinegar,Snacks,3.99,21,None,0.0,3,Thursday,5,29,83.79,7,56,3,0.27,True,-49
2026-01-07,103,Energy_Drink,Beverage,2.5,133,10%_Discount,0.1,2,Wednesday,2,7,332.5,27,42,6,0.27,True,-15
2026-01-09,102,Granola_Nut,Health,5.5,33,None,0.0,4,Friday,2,9,181.5,179,59,4,0.1,False,120
2026-01-25,103,Chips_SeaSalt,Snacks,3.99,32,None,0.0,6,Sunday,4,25,127.68,99,54,4,0.3,False,45
2026-01-15,105,Chips_Vinegar,Snacks,3.99,121,BOGO,0.5,3,Thursday,3,15,482.79,155,58,3,0.23,False,97
2026-01-03,102,Granola_Honey,Health,5.5,16,None,0.0,5,Saturday,1,3,88.0,90,40,7,0.3,False,50
2026-01-12,102,Chips_Vinegar,Snacks,3.99,98,10%_Discount,0.1,0,Monday,3,12,391.02000000000004,188,47,6,0.11,False,141
2026-01-18,104,Energy_Drink,Beverage,2.5,111,BOGO,0.5,6,Sunday,3,18,277.5,154,49,6,0.12,False,105
2026-01-06,104,Chips_SeaSalt,Snacks,3.99,32,None,0.0,1,Tuesday,2,6,127.68,10,46,6,0.26,True,-36
2026-01-18,104,Chips_SeaSalt,Snacks,3.99,45,None,0.0,6,Sunday,3,18,179.55,10,46,6,0.26,True,-36
2026-01-28,105,Granola_Honey,Health,5.5,132,BOGO,0.5,2,Wednesday,5,28,726.0,99,41,5,0.17,False,58
2026-01-04,102,Granola_Nut,Health,5.5,103,BOGO,0.5,6,Sunday,1,4,566.5,179,59,4,0.1,False,120
2026-01-31,101,Chips_SeaSalt,Snacks,3.99,94,BOGO,0.5,5,Saturday,5,31,375.06,113,49,7,0.22,False,64
2026-01-09,103,Granola_Nut,Health,5.5,31,None,0.0,4,Friday,2,9,170.5,157,59,5,0.2,False,98
2026-01-17,103,Chips_Vinegar,Snacks,3.99,143,BOGO,0.5,5,Saturday,3,17,570.57,7,56,3,0.27,True,-49
2026-01-14,103,Granola_Nut,Health,5.5,43,None,0.0,2,Wednesday,3,14,236.5,157,59,5,0.2,False,98
2026-01-27,103,Granola_Honey,Health,5.5,70,10%_Discount,0.1,1,Tuesday,5,27,385.0,144,51,5,0.23,False,93
2026-01-22,102,Granola_Nut,Health,5.5,26,None,0.0,3,Thursday,4,22,143.0,179,59,4,0.1,False,120
2026-01-16,101,Granola_Nut,Health,5.5,22,None,0.0,4,Friday,3,16,121.0,95,59,6,0.25,False,36
2026-01-07,101,Energy_Drink,Beverage,2.5,19,None,0.0,2,Wednesday,2,7,47.5,88,47,7,0.25,False,41
2026-01-28,103,Granola_Nut,Health,5.5,17,None,0.0,2,Wednesday,5,28,93.5,157,59,5,0.2,False,98
2026-01-17,105,Energy_Drink,Beverage,2.5,97,BOGO,0.5,5,Saturday,3,17,242.5,76,40,5,0.12,False,36
2026-01-04,101,Energy_Drink,Beverage,2.5,108,BOGO,0.5,6,Sunday,1,4,270.0,88,47,7,0.25,False,41
2026-01-16,101,Chips_Vinegar,Snacks,3.99,23,None,0.0,4,Friday,3,16,91.77000000000001,61,58,2,0.12,False,3
2026-01-28,104,Energy_Drink,Beverage,2.5,137,10%_Discount,0.1,2,Wednesday,5,28,342.5,154,49,6,0.12,False,105
2026-01-04,101,Energy_Drink,Beverage,2.5,107,BOGO,0.5,6,Sunday,1,4,267.5,88,47,7,0.25,False,41
2026-01-04,103,Chips_SeaSalt,Snacks,3.99,71,10%_Discount,0.1,6,Sunday,1,4,283.29,99,54,4,0.3,False,45
2026-01-23,101,Energy_Drink,Beverage,2.5,39,None,0.0,4,Friday,4,23,97.5,88,47,7,0.25,False,41
2026-01-11,105,Energy_Drink,Beverage,2.5,41,None,0.0,6,Sunday,2,11,102.5,76,40,5,0.12,False,36
2026-01-30,102,Granola_Nut,Health,5.5,67,BOGO,0.5,4,Friday,5,30,368.5,179,59,4,0.1,False,120
2026-01-09,104,Chips_Vinegar,Snacks,3.99,13,None,0.0,4,Friday,2,9,51.870000000000005,158,60,2,0.19,False,98
2026-01-25,103,Chips_SeaSalt,Snacks,3.99,23,None,0.0,6,Sunday,4,25,91.77000000000001,99,54,4,0.3,False,45
2026-01-11,103,Energy_Drink,Beverage,2.5,129,10%_Discount,0.1,6,Sunday,2,11,322.5,27,42,6,0.27,True,-15
2026-01-20,103,Chips_SeaSalt,Snacks,3.99,74,BOGO,0.5,1,Tuesday,4,20,295.26,99,54,4,0.3,False,45
2026-01-26,104,Granola_Nut,Health,5.5,112,BOGO,0.5,0,Monday,5,26,616.0,92,52,2,0.27,False,40
2026-01-21,101,Granola_Honey,Health,5.5,102,BOGO,0.5,2,Wednesday,4,21,561.0,39,60,6,0.18,True,-21
2026-01-07,103,Chips_SeaSalt,Snacks,3.99,37,None,0.0,2,Wednesday,2,7,147.63,99,54,4,0.3,False,45
2026-01-01,104,Granola_Nut,Health,5.5,46,None,0.0,3,Thursday,1,1,253.0,92,52,2,0.27,False,40
2026-01-17,105,Granola_Nut,Health,5.5,107,10%_Discount,0.1,5,Saturday,3,17,588.5,4,60,3,0.26,True,-56
2026-01-19,105,Granola_Honey,Health,5.5,21,None,0.0,0,Monday,4,19,115.5,99,41,5,0.17,False,58
2026-01-21,104,Granola_Nut,Health,5.5,21,None,0.0,2,Wednesday,4,21,115.5,92,52,2,0.27,False,40
2026-01-24,103,Granola_Nut,Health,5.5,33,None,0.0,5,Saturday,4,24,181.5,157,59,5,0.2,False,98
2026-01-31,105,Granola_Honey,Health,5.5,40,None,0.0,5,Saturday,5,31,220.0,99,41,5,0.17,False,58
2026-01-10,102,Granola_Nut,Health,5.5,17,None,0.0,5,Saturday,2,10,93.5,179,59,4,0.1,False,120
2026-01-15,101,Energy_Drink,Beverage,2.5,15,None,0.0,3,Thursday,3,15,37.5,88,47,7,0.25,False,41
2026-01-11,103,Chips_Vinegar,Snacks,3.99,132,10%_Discount,0.1,6,Sunday,2,11,526.6800000000001,7,56,3,0.27,True,-49
2026-01-15,101,Energy_Drink,Beverage,2.5,29,None,0.0,3,Thursday,3,15,72.5,88,47,7,0.25,False,41
2026-01-26,105,Granola_Honey,Health,5.5,12,None,0.0,0,Monday,5,26,66.0,99,41,5,0.17,False,58
2026-01-22,101,Energy_Drink,Beverage,2.5,149,BOGO,0.5,3,Thursday,4,22,372.5,88,47,7,0.25,False,41
2026-01-12,103,Granola_Honey,Health,5.5,46,None,0.0,0,Monday,3,12,253.0,144,51,5,0.23,False,93
2026-01-10,105,Chips_SeaSalt,Snacks,3.99,45,None,0.0,5,Saturday,2,10,179.55,163,47,7,0.1,False,116
2026-01-29,104,Chips_Vinegar,Snacks,3.99,17,None,0.0,3,Thursday,5,29,67.83,158,60,2,0.19,False,98
2026-01-12,105,Chips_Vinegar,Snacks,3.99,38,None,0.0,0,Monday,3,12,151.62,155,58,3,0.23,False,97
2026-01-31,103,Granola_Nut,Health,5.5,16,None,0.0,5,Saturday,5,31,88.0,157,59,5,0.2,False,98
2026-01-20,104,Energy_Drink,Beverage,2.5,117,10%_Discount,0.1,1,Tuesday,4,20,292.5,154,49,6,0.12,False,105
2026-01-07,103,Energy_Drink,Beverage,2.5,20,None,0.0,2,Wednesday,2,7,50.0,27,42,6,0.27,True,-15
2026-01-04,104,Chips_Vinegar,Snacks,3.99,29,None,0.0,6,Sunday,1,4,115.71000000000001,158,60,2,0.19,False,98
2026-01-08,104,Chips_Vinegar,Snacks,3.99,83,BOGO,0.5,3,Thursday,2,8,331.17,158,60,2,0.19,False,98
2026-01-02,105,Chips_Vinegar,Snacks,3.99,110,BOGO,0.5,4,Friday,1,2,438.90000000000003,155,58,3,0.23,False,97
2026-01-26,103,Granola_Honey,Health,5.5,142,BOGO,0.5,0,Monday,5,26,781.0,144,51,5,0.23,False,93
2026-01-20,105,Energy_Drink,Beverage,2.5,88,BOGO,0.5,1,Tuesday,4,20,220.0,76,40,5,0.12,False,36
2026-01-23,104,Chips_SeaSalt,Snacks,3.99,129,10%_Discount,0.1,4,Friday,4,23,514.71,10,46,6,0.26,True,-36
2026-01-23,103,Energy_Drink,Beverage,2.5,39,None,0.0,4,Friday,4,23,97.5,27,42,6,0.27,True,-15
2026-01-19,101,Energy_Drink,Beverage,2.5,22,None,0.0,0,Monday,4,19,55.0,88,47,7,0.25,False,41
2026-01-25,101,Granola_Nut,Health,5.5,42,None,0.0,6,Sunday,4,25,231.0,95,59,6,0.25,False,36
2026-01-24,105,Chips_Vinegar,Snacks,3.99,130,BOGO,0.5,5,Saturday,4,24,518.7,155,58,3,0.23,False,97
2026-01-04,102,Energy_Drink,Beverage,2.5,37,None,0.0,6,Sunday,1,4,92.5,69,54,5,0.18,False,15
2026-01-23,101,Energy_Drink,Beverage,2.5,90,BOGO,0.5,4,Friday,4,23,225.0,88,47,7,0.25,False,41
2026-01-17,103,Granola_Nut,Health,5.5,25,None,0.0,5,Saturday,3,17,137.5,157,59,5,0.2,False,98
2026-01-14,103,Chips_Vinegar,Snacks,3.99,12,None,0.0,2,Wednesday,3,14,47.88,7,56,3,0.27,True,-49
2026-01-08,104,Chips_SeaSalt,Snacks,3.99,24,None,0.0,3,Thursday,2,8,95.76,10,46,6,0.26,True,-36
2026-01-04,102,Granola_Nut,Health,5.5,133,BOGO,0.5,6,Sunday,1,4,731.5,179,59,4,0.1,False,120
2026-01-26,101,Chips_Vinegar,Snacks,3.99,17,None,0.0,0,Monday,5,26,67.83,61,58,2,0.12,False,3
2026-01-10,105,Energy_Drink,Beverage,2.5,126,BOGO,0.5,5,Saturday,2,10,315.0,76,40,5,0.12,False,36
2026-01-20,103,Chips_Vinegar,Snacks,3.99,13,None,0.0,1,Tuesday,4,20,51.870000000000005,7,56,3,0.27,True,-49
2026-01-29,102,Chips_SeaSalt,Snacks,3.99,27,None,0.0,3,Thursday,5,29,107.73,96,50,4,0.24,False,46
2026-01-06,104,Granola_Nut,Health,5.5,124,BOGO,0.5,1,Tuesday,2,6,682.0,92,52,2,0.27,False,40
2026-01-10,102,Granola_Nut,Health,5.5,44,None,0.0,5,Saturday,2,10,242.0,179,59,4,0.1,False,120
2026-01-15,105,Granola_Nut,Health,5.5,81,BOGO,0.5,3,Thursday,3,15,445.5,4,60,3,0.26,True,-56
2026-01-29,102,Granola_Honey,Health,5.5,93,10%_Discount,0.1,3,Thursday,5,29,511.5,90,40,7,0.3,False,50
2026-01-13,102,Granola_Honey,Health,5.5,41,None,0.0,1,Tuesday,3,13,225.5,90,40,7,0.3,False,50
2026-01-25,105,Chips_Vinegar,Snacks,3.99,35,None,0.0,6,Sunday,4,25,139.65,155,58,3,0.23,False,97
2026-01-05,105,Granola_Honey,Health,5.5,22,None,0.0,0,Monday,2,5,121.0,99,41,5,0.17,False,58
2026-01-15,104,Energy_Drink,Beverage,2.5,44,None,0.0,3,Thursday,3,15,110.0,154,49,6,0.12,False,105
2026-01-17,101,Energy_Drink,Beverage,2.5,81,10%_Discount,0.1,5,Saturday,3,17,202.5,88,47,7,0.25,False,41
2026-01-07,103,Chips_SeaSalt,Snacks,3.99,145,BOGO,0.5,2,Wednesday,2,7,578.5500000000001,99,54,4,0.3,False,45
2026-01-18,104,Chips_Vinegar,Snacks,3.99,49,None,0.0,6,Sunday,3,18,195.51000000000002,158,60,2,0.19,False,98
2026-01-12,103,Granola_Honey,Health,5.5,17,None,0.0,0,Monday,3,12,93.5,144,51,5,0.23,False,93
2026-01-11,102,Granola_Nut,Health,5.5,80,BOGO,0.5,6,Sunday,2,11,440.0,179,59,4,0.1,False,120
2026-01-21,101,Granola_Nut,Health,5.5,101,10%_Discount,0.1,2,Wednesday,4,21,555.5,95,59,6,0.25,False,36
2026-01-17,102,Energy_Drink,Beverage,2.5,23,None,0.0,5,Saturday,3,17,57.5,69,54,5,0.18,False,15
2026-01-07,104,Granola_Honey,Health,5.5,17,None,0.0,2,Wednesday,2,7,93.5,146,58,3,0.22,False,88
2026-01-19,101,Granola_Honey,Health,5.5,21,None,0.0,0,Monday,4,19,115.5,39,60,6,0.18,True,-21
2026-01-24,101,Chips_SeaSalt,Snacks,3.99,26,None,0.0,5,Saturday,4,24,103.74000000000001,113,49,7,0.22,False,64
2026-01-09,103,Granola_Nut,Health,5.5,100,BOGO,0.5,4,Friday,2,9,550.0,157,59,5,0.2,False,98
2026-01-01,104,Granola_Honey,Health,5.5,30,None,0.0,3,Thursday,1,1,165.0,146,58,3,0.22,False,88
2026-01-25,105,Granola_Honey,Health,5.5,120,BOGO,0.5,6,Sunday,4,25,660.0,99,41,5,0.17,False,58
2026-01-24,105,Chips_Vinegar,Snacks,3.99,71,10%_Discount,0.1,5,Saturday,4,24,283.29,155,58,3,0.23,False,97
2026-01-06,102,Chips_Vinegar,Snacks,3.99,50,None,0.0,1,Tuesday,2,6,199.5,188,47,6,0.11,False,141
2026-01-17,103,Granola_Nut,Health,5.5,138,10%_Discount,0.1,5,Saturday,3,17,759.0,157,59,5,0.2,False,98
2026-01-24,105,Chips_SeaSalt,Snacks,3.99,105,10%_Discount,0.1,5,Saturday,4,24,418.95000000000005,163,47,7,0.1,False,116
2026-01-03,105,Granola_Honey,Health,5.5,106,BOGO,0.5,5,Saturday,1,3,583.0,99,41,5,0.17,False,58
2026-01-11,101,Granola_Nut,Health,5.5,146,BOGO,0.5,6,Sunday,2,11,803.0,95,59,6,0.25,False,36
2026-01-08,104,Energy_Drink,Beverage,2.5,143,BOGO,0.5,3,Thursday,2,8,357.5,154,49,6,0.12,False,105
2026-01-15,102,Chips_Vinegar,Snacks,3.99,126,BOGO,0.5,3,Thursday,3,15,502.74,188,47,6,0.11,False,141
2026-01-10,105,Granola_Nut,Health,5.5,38,None,0.0,5,Saturday,2,10,209.0,4,60,3,0.26,True,-56
2026-01-08,101,Energy_Drink,Beverage,2.5,27,None,0.0,3,Thursday,2,8,67.5,88,47,7,0.25,False,41
2026-01-21,104,Chips_SeaSalt,Snacks,3.99,91,BOGO,0.5,2,Wednesday,4,21,363.09000000000003,10,46,6,0.26,True,-36
2026-01-05,102,Chips_Vinegar,Snacks,3.99,36,None,0.0,0,Monday,2,5,143.64000000000001,188,47,6,0.11,False,141
2026-01-22,101,Chips_SeaSalt,Snacks,3.99,92,10%_Discount,0.1,3,Thursday,4,22,367.08000000000004,113,49,7,0.22,False,64
2026-01-11,105,Energy_Drink,Beverage,2.5,110,BOGO,0.5,6,Sunday,2,11,275.0,76,40,5,0.12,False,36
2026-01-25,104,Energy_Drink,Beverage,2.5,19,None,0.0,6,Sunday,4,25,47.5,154,49,6,0.12,False,105
2026-01-17,104,Chips_Vinegar,Snacks,3.99,114,10%_Discount,0.1,5,Saturday,3,17,454.86,158,60,2,0.19,False,98
2026-01-05,105,Chips_Vinegar,Snacks,3.99,11,None,0.0,0,Monday,2,5,43.89,155,58,3,0.23,False,97
2026-01-01,103,Chips_SeaSalt,Snacks,3.99,13,None,0.0,3,Thursday,1,1,51.870000000000005,99,54,4,0.3,False,45
2026-01-14,103,Energy_Drink,Beverage,2.5,30,None,0.0,2,Wednesday,3,14,75.0,27,42,6,0.27,True,-15
2026-01-19,103,Chips_Vinegar,Snacks,3.99,48,None,0.0,0,Monday,4,19,191.52,7,56,3,0.27,True,-49
2026-01-19,102,Energy_Drink,Beverage,2.5,64,10%_Discount,0.1,0,Monday,4,19,160.0,69,54,5,0.18,False,15
2026-01-20,101,Chips_Vinegar,Snacks,3.99,13,None,0.0,1,Tuesday,4,20,51.870000000000005,61,58,2,0.12,False,3
2026-01-10,101,Chips_SeaSalt,Snacks,3.99,142,10%_Discount,0.1,5,Saturday,2,10,566.58,113,49,7,0.22,False,64
2026-01-31,104,Granola_Honey,Health,5.5,35,None,0.0,5,Saturday,5,31,192.5,146,58,3,0.22,False,88
2026-01-27,103,Chips_Vinegar,Snacks,3.99,46,None,0.0,1,Tuesday,5,27,183.54000000000002,7,56,3,0.27,True,-49
2026-01-11,104,Chips_Vinegar,Snacks,3.99,131,BOGO,0.5,6,Sunday,2,11,522.69,158,60,2,0.19,False,98
2026-01-31,102,Energy_Drink,Beverage,2.5,45,None,0.0,5,Saturday,5,31,112.5,69,54,5,0.18,False,15
2026-01-16,102,Granola_Nut,Health,5.5,35,None,0.0,4,Friday,3,16,192.5,179,59,4,0.1,False,120
2026-01-21,102,Chips_SeaSalt,Snacks,3.99,118,10%_Discount,0.1,2,Wednesday,4,21,470.82000000000005,96,50,4,0.24,False,46
2026-01-06,101,Granola_Nut,Health,5.5,45,None,0.0,1,Tuesday,2,6,247.5,95,59,6,0.25,False,36
2026-01-02,103,Granola_Nut,Health,5.5,16,None,0.0,4,Friday,1,2,88.0,157,59,5,0.2,False,98
2026-01-15,104,Energy_Drink,Beverage,2.5,131,BOGO,0.5,3,Thursday,3,15,327.5,154,49,6,0.12,False,105
2026-01-05,104,Granola_Nut,Health,5.5,25,None,0.0,0,Monday,2,5,137.5,92,52,2,0.27,False,40
2026-01-26,104,Chips_Vinegar,Snacks,3.99,131,BOGO,0.5,0,Monday,5,26,522.69,158,60,2,0.19,False,98
2026-01-02,101,Granola_Honey,Health,5.5,81,10%_Discount,0.1,4,Friday,1,2,445.5,39,60,6,0.18,True,-21
2026-01-07,104,Granola_Nut,Health,5.5,47,None,0.0,2,Wednesday,2,7,258.5,92,52,2,0.27,False,40
2026-01-12,102,Granola_Honey,Health,5.5,23,None,0.0,0,Monday,3,12,126.5,90,40,7,0.3,False,50
2026-01-30,103,Energy_Drink,Beverage,2.5,37,None,0.0,4,Friday,5,30,92.5,27,42,6,0.27,True,-15
2026-01-05,105,Granola_Nut,Health,5.5,108,10%_Discount,0.1,0,Monday,2,5,594.0,4,60,3,0.26,True,-56
2026-01-14,101,Energy_Drink,Beverage,2.5,85,10%_Discount,0.1,2,Wednesday,3,14,212.5,88,47,7,0.25,False,41
2026-01-10,104,Chips_SeaSalt,Snacks,3.99,75,10%_Discount,0.1,5,Saturday,2,10,299.25,10,46,6,0.26,True,-36
2026-01-03,102,Chips_Vinegar,Snacks,3.99,107,BOGO,0.5,5,Saturday,1,3,426.93,188,47,6,0.11,False,141
2026-01-23,102,Granola_Nut,Health,5.5,61,10%_Discount,0.1,4,Friday,4,23,335.5,179,59,4,0.1,False,120
2026-01-29,104,Chips_SeaSalt,Snacks,3.99,101,10%_Discount,0.1,3,Thursday,5,29,402.99,10,46,6,0.26,True,-36
2026-01-24,101,Chips_SeaSalt,Snacks,3.99,39,None,0.0,5,Saturday,4,24,155.61,113,49,7,0.22,False,64
2026-01-02,104,Energy_Drink,Beverage,2.5,15,None,0.0,4,Friday,1,2,37.5,154,49,6,0.12,False,105
2026-01-10,102,Energy_Drink,Beverage,2.5,14,None,0.0,5,Saturday,2,10,35.0,69,54,5,0.18,False,15
2026-01-13,105,Chips_SeaSalt,Snacks,3.99,15,None,0.0,1,Tuesday,3,13,59.85,163,47,7,0.1,False,116
2026-01-15,104,Granola_Honey,Health,5.5,105,10%_Discount,0.1,3,Thursday,3,15,577.5,146,58,3,0.22,False,88
2026-01-14,102,Granola_Nut,Health,5.5,81,BOGO,0.5,2,Wednesday,3,14,445.5,179,59,4,0.1,False,120
2026-01-11,104,Chips_SeaSalt,Snacks,3.99,127,BOGO,0.5,6,Sunday,2,11,506.73,10,46,6,0.26,True,-36
2026-01-04,103,Energy_Drink,Beverage,2.5,125,BOGO,0.5,6,Sunday,1,4,312.5,27,42,6,0.27,True,-15
2026-01-14,103,Granola_Honey,Health,5.5,35,None,0.0,2,Wednesday,3,14,192.5,144,51,5,0.23,False,93
2026-01-17,105,Granola_Nut,Health,5.5,18,None,0.0,5,Saturday,3,17,99.0,4,60,3,0.26,True,-56
2026-01-01,102,Granola_Honey,Health,5.5,33,None,0.0,3,Thursday,1,1,181.5,90,40,7,0.3,False,50
2026-01-11,103,Granola_Nut,Health,5.5,142,BOGO,0.5,6,Sunday,2,11,781.0,157,59,5,0.2,False,98
2026-01-30,101,Chips_SeaSalt,Snacks,3.99,119,10%_Discount,0.1,4,Friday,5,30,474.81,113,49,7,0.22,False,64
2026-01-18,101,Granola_Nut,Health,5.5,124,10%_Discount,0.1,6,Sunday,3,18,682.0,95,59,6,0.25,False,36
2026-01-28,104,Granola_Honey,Health,5.5,31,None,0.0,2,Wednesday,5,28,170.5,146,58,3,0.22,False,88
2026-01-13,104,Granola_Honey,Health,5.5,24,None,0.0,1,Tuesday,3,13,132.0,146,58,3,0.22,False,88
2026-01-05,101,Granola_Honey,Health,5.5,121,BOGO,0.5,0,Monday,2,5,665.5,39,60,6,0.18,True,-21
2026-01-24,102,Chips_Vinegar,Snacks,3.99,37,None,0.0,5,Saturday,4,24,147.63,188,47,6,0.11,False,141
2026-01-02,102,Chips_SeaSalt,Snacks,3.99,67,10%_Discount,0.1,4,Friday,1,2,267.33000000000004,96,50,4,0.24,False,46
2026-01-23,103,Energy_Drink,Beverage,2.5,74,BOGO,0.5,4,Friday,4,23,185.0,27,42,6,0.27,True,-15
2026-01-26,101,Granola_Honey,Health,5.5,84,BOGO,0.5,0,Monday,5,26,462.0,39,60,6,0.18,True,-21
2026-01-18,105,Granola_Honey,Health,5.5,14,None,0.0,6,Sunday,3,18,77.0,99,41,5,0.17,False,58
2026-01-03,104,Chips_Vinegar,Snacks,3.99,118,BOGO,0.5,5,Saturday,1,3,470.82000000000005,158,60,2,0.19,False,98
2026-01-06,105,Granola_Nut,Health,5.5,40,None,0.0,1,Tuesday,2,6,220.0,4,60,3,0.26,True,-56
2026-01-03,101,Granola_Nut,Health,5.5,100,10%_Discount,0.1,5,Saturday,1,3,550.0,95,59,6,0.25,False,36
2026-01-04,105,Chips_SeaSalt,Snacks,3.99,102,10%_Discount,0.1,6,Sunday,1,4,406.98,163,47,7,0.1,False,116
2026-01-04,101,Chips_Vinegar,Snacks,3.99,48,None,0.0,6,Sunday,1,4,191.52,61,58,2,0.12,False,3
2026-01-14,102,Energy_Drink,Beverage,2.5,31,None,0.0,2,Wednesday,3,14,77.5,69,54,5,0.18,False,15
2026-01-29,103,Energy_Drink,Beverage,2.5,40,None,0.0,3,Thursday,5,29,100.0,27,42,6,0.27,True,-15
2026-01-28,101,Chips_SeaSalt,Snacks,3.99,111,BOGO,0.5,2,Wednesday,5,28,442.89000000000004,113,49,7,0.22,False,64
2026-01-19,104,Granola_Honey,Health,5.5,29,None,0.0,0,Monday,4,19,159.5,146,58,3,0.22,False,88
2026-01-16,102,Chips_Vinegar,Snacks,3.99,28,None,0.0,4,Friday,3,16,111.72,188,47,6,0.11,False,141
2026-01-10,104,Chips_Vinegar,Snacks,3.99,16,None,0.0,5,Saturday,2,10,63.84,158,60,2,0.19,False,98
2026-01-23,104,Granola_Nut,Health,5.5,24,None,0.0,4,Friday,4,23,132.0,92,52,2,0.27,False,40
2026-01-24,102,Chips_SeaSalt,Snacks,3.99,40,None,0.0,5,Saturday,4,24,159.60000000000002,96,50,4,0.24,False,46
2026-01-03,101,Energy_Drink,Beverage,2.5,46,None,0.0,5,Saturday,1,3,115.0,88,47,7,0.25,False,41
2026-01-26,101,Chips_Vinegar,Snacks,3.99,46,None,0.0,0,Monday,5,26,183.54000000000002,61,58,2,0.12,False,3
2026-01-02,102,Energy_Drink,Beverage,2.5,82,10%_Discount,0.1,4,Friday,1,2,205.0,69,54,5,0.18,False,15
2026-01-15,102,Chips_Vinegar,Snacks,3.99,129,BOGO,0.5,3,Thursday,3,15,514.71,188,47,6,0.11,False,141
2026-01-04,105,Energy_Drink,Beverage,2.5,100,10%_Discount,0.1,6,Sunday,1,4,250.0,76,40,5,0.12,False,36
2026-01-28,105,Granola_Honey,Health,5.5,123,BOGO,0.5,2,Wednesday,5,28,676.5,99,41,5,0.17,False,58
2026-01-22,103,Granola_Honey,Health,5.5,120,10%_Discount,0.1,3,Thursday,4,22,660.0,144,51,5,0.23,False,93
2026-01-19,104,Granola_Honey,Health,5.5,106,10%_Discount,0.1,0,Monday,4,19,583.0,146,58,3,0.22,False,88
2026-01-06,102,Energy_Drink,Beverage,2.5,105,10%_Discount,0.1,1,Tuesday,2,6,262.5,69,54,5,0.18,False,15
2026-01-24,104,Chips_Vinegar,Snacks,3.99,66,10%_Discount,0.1,5,Saturday,4,24,263.34000000000003,158,60,2,0.19,False,98
2026-01-16,104,Chips_SeaSalt,Snacks,3.99,26,None,0.0,4,Friday,3,16,103.74000000000001,10,46,6,0.26,True,-36
2026-01-25,102,Granola_Honey,Health,5.5,50,None,0.0,6,Sunday,4,25,275.0,90,40,7,0.3,False,50
2026-01-04,105,Chips_SeaSalt,Snacks,3.99,69,10%_Discount,0.1,6,Sunday,1,4,275.31,163,47,7,0.1,False,116
2026-01-09,101,Chips_SeaSalt,Snacks,3.99,20,None,0.0,4,Friday,2,9,79.80000000000001,113,49,7,0.22,False,64
2026-01-19,101,Chips_SeaSalt,Snacks,3.99,15,None,0.0,0,Monday,4,19,59.85,113,49,7,0.22,False,64
2026-01-17,101,Chips_Vinegar,Snacks,3.99,21,None,0.0,5,Saturday,3,17,83.79,61,58,2,0.12,False,3
2026-01-30,102,Granola_Nut,Health,5.5,104,10%_Discount,0.1,4,Friday,5,30,572.0,179,59,4,0.1,False,120
2026-01-17,102,Energy_Drink,Beverage,2.5,17,None,0.0,5,Saturday,3,17,42.5,69,54,5,0.18,False,15
2026-01-27,102,Granola_Nut,Health,5.5,133,10%_Discount,0.1,1,Tuesday,5,27,731.5,179,59,4,0.1,False,120
2026-01-03,102,Chips_SeaSalt,Snacks,3.99,40,None,0.0,5,Saturday,1,3,159.60000000000002,96,50,4,0.24,False,46
2026-01-12,105,Chips_Vinegar,Snacks,3.99,135,BOGO,0.5,0,Monday,3,12,538.65,155,58,3,0.23,False,97
2026-01-15,105,Energy_Drink,Beverage,2.5,113,10%_Discount,0.1,3,Thursday,3,15,282.5,76,40,5,0.12,False,36
2026-01-16,103,Chips_Vinegar,Snacks,3.99,116,10%_Discount,0.1,4,Friday,3,16,462.84000000000003,7,56,3,0.27,True,-49
2026-01-02,104,Energy_Drink,Beverage,2.5,16,None,0.0,4,Friday,1,2,40.0,154,49,6,0.12,False,105
2026-01-26,104,Chips_SeaSalt,Snacks,3.99,42,None,0.0,0,Monday,5,26,167.58,10,46,6,0.26,True,-36
2026-01-23,102,Granola_Nut,Health,5.5,85,BOGO,0.5,4,Friday,4,23,467.5,179,59,4,0.1,False,120
2026-01-20,102,Chips_Vinegar,Snacks,3.99,81,10%_Discount,0.1,1,Tuesday,4,20,323.19,188,47,6,0.11,False,141
2026-01-25,102,Granola_Honey,Health,5.5,45,None,0.0,6,Sunday,4,25,247.5,90,40,7,0.3,False,50
2026-01-06,104,Chips_SeaSalt,Snacks,3.99,14,None,0.0,1,Tuesday,2,6,55.86,10,46,6,0.26,True,-36
2026-01-30,103,Energy_Drink,Beverage,2.5,29,None,0.0,4,Friday,5,30,72.5,27,42,6,0.27,True,-15
2026-01-21,104,Chips_SeaSalt,Snacks,3.99,16,None,0.0,2,Wednesday,4,21,63.84,10,46,6,0.26,True,-36
2026-01-16,104,Chips_SeaSalt,Snacks,3.99,46,None,0.0,4,Friday,3,16,183.54000000000002,10,46,6,0.26,True,-36
2026-01-26,101,Energy_Drink,Beverage,2.5,70,BOGO,0.5,0,Monday,5,26,175.0,88,47,7,0.25,False,41
2026-01-14,102,Energy_Drink,Beverage,2.5,103,10%_Discount,0.1,2,Wednesday,3,14,257.5,69,54,5,0.18,False,15
2026-01-25,105,Energy_Drink,Beverage,2.5,18,None,0.0,6,Sunday,4,25,45.0,76,40,5,0.12,False,36
2026-01-08,102,Granola_Honey,Health,5.5,122,10%_Discount,0.1,3,Thursday,2,8,671.0,90,40,7,0.3,False,50
2026-01-05,104,Chips_Vinegar,Snacks,3.99,50,None,0.0,0,Monday,2,5,199.5,158,60,2,0.19,False,98
2026-01-19,105,Chips_Vinegar,Snacks,3.99,113,BOGO,0.5,0,Monday,4,19,450.87,155,58,3,0.23,False,97
2026-01-10,105,Granola_Nut,Health,5.5,20,None,0.0,5,Saturday,2,10,110.0,4,60,3,0.26,True,-56
2026-01-28,104,Chips_Vinegar,Snacks,3.99,90,10%_Discount,0.1,2,Wednesday,5,28,359.1,158,60,2,0.19,False,98
2026-01-14,101,Energy_Drink,Beverage,2.5,134,BOGO,0.5,2,Wednesday,3,14,335.0,88,47,7,0.25,False,41
2026-01-04,102,Chips_SeaSalt,Snacks,3.99,20,None,0.0,6,Sunday,1,4,79.80000000000001,96,50,4,0.24,False,46
2026-01-04,101,Chips_Vinegar,Snacks,3.99,120,10%_Discount,0.1,6,Sunday,1,4,478.8,61,58,2,0.12,False,3
2026-01-06,104,Energy_Drink,Beverage,2.5,97,10%_Discount,0.1,1,Tuesday,2,6,242.5,154,49,6,0.12,False,105
2026-01-22,102,Granola_Honey,Health,5.5,114,10%_Discount,0.1,3,Thursday,4,22,627.0,90,40,7,0.3,False,50
2026-01-13,105,Energy_Drink,Beverage,2.5,143,BOGO,0.5,1,Tuesday,3,13,357.5,76,40,5,0.12,False,36
2026-01-13,104,Chips_Vinegar,Snacks,3.99,80,10%_Discount,0.1,1,Tuesday,3,13,319.20000000000005,158,60,2,0.19,False,98
2026-01-03,104,Granola_Nut,Health,5.5,87,BOGO,0.5,5,Saturday,1,3,478.5,92,52,2,0.27,False,40
2026-01-26,105,Chips_Vinegar,Snacks,3.99,35,None,0.0,0,Monday,5,26,139.65,155,58,3,0.23,False,97
2026-01-13,105,Chips_Vinegar,Snacks,3.99,122,BOGO,0.5,1,Tuesday,3,13,486.78000000000003,155,58,3,0.23,False,97
2026-01-04,102,Chips_SeaSalt,Snacks,3.99,32,None,0.0,6,Sunday,1,4,127.68,96,50,4,0.24,False,46
2026-01-13,101,Granola_Nut,Health,5.5,20,None,0.0,1,Tuesday,3,13,110.0,95,59,6,0.25,False,36
2026-01-29,103,Energy_Drink,Beverage,2.5,30,None,0.0,3,Thursday,5,29,75.0,27,42,6,0.27,True,-15
2026-01-11,101,Chips_Vinegar,Snacks,3.99,145,10%_Discount,0.1,6,Sunday,2,11,578.5500000000001,61,58,2,0.12,False,3
2026-01-10,105,Chips_Vinegar,Snacks,3.99,113,10%_Discount,0.1,5,Saturday,2,10,450.87,155,58,3,0.23,False,97
2026-01-12,102,Granola_Nut,Health,5.5,60,10%_Discount,0.1,0,Monday,3,12,330.0,179,59,4,0.1,False,120
2026-01-10,101,Chips_SeaSalt,Snacks,3.99,65,10%_Discount,0.1,5,Saturday,2,10,259.35,113,49,7,0.22,False,64
2026-01-09,105,Chips_Vinegar,Snacks,3.99,20,None,0.0,4,Friday,2,9,79.80000000000001,155,58,3,0.23,False,97
2026-01-08,101,Energy_Drink,Beverage,2.5,123,BOGO,0.5,3,Thursday,2,8,307.5,88,47,7,0.25,False,41
2026-01-11,103,Granola_Honey,Health,5.5,11,None,0.0,6,Sunday,2,11,60.5,144,51,5,0.23,False,93
2026-01-22,101,Energy_Drink,Beverage,2.5,38,None,0.0,3,Thursday,4,22,95.0,88,47,7,0.25,False,41
2026-01-03,103,Granola_Honey,Health,5.5,108,BOGO,0.5,5,Saturday,1,3,594.0,144,51,5,0.23,False,93
2026-01-12,105,Chips_SeaSalt,Snacks,3.99,30,None,0.0,0,Monday,3,12,119.7,163,47,7,0.1,False,116
2026-01-14,105,Chips_SeaSalt,Snacks,3.99,78,BOGO,0.5,2,Wednesday,3,14,311.22,163,47,7,0.1,False,116
2026-01-24,105,Granola_Nut,Health,5.5,91,BOGO,0.5,5,Saturday,4,24,500.5,4,60,3,0.26,True,-56
2026-01-31,102,Chips_SeaSalt,Snacks,3.99,45,None,0.0,5,Saturday,5,31,179.55,96,50,4,0.24,False,46
2026-01-22,101,Chips_SeaSalt,Snacks,3.99,134,BOGO,0.5,3,Thursday,4,22,534.6600000000001,113,49,7,0.22,False,64
2026-01-28,104,Granola_Honey,Health,5.5,26,None,0.0,2,Wednesday,5,28,143.0,146,58,3,0.22,False,88
2026-01-11,105,Energy_Drink,Beverage,2.5,74,BOGO,0.5,6,Sunday,2,11,185.0,76,40,5,0.12,False,36
2026-01-13,101,Energy_Drink,Beverage,2.5,17,None,0.0,1,Tuesday,3,13,42.5,88,47,7,0.25,False,41
2026-01-26,104,Granola_Nut,Health,5.5,24,None,0.0,0,Monday,5,26,132.0,92,52,2,0.27,False,40
2026-01-21,101,Granola_Honey,Health,5.5,28,None,0.0,2,Wednesday,4,21,154.0,39,60,6,0.18,True,-21
2026-01-26,101,Granola_Nut,Health,5.5,111,10%_Discount,0.1,0,Monday,5,26,610.5,95,59,6,0.25,False,36
2026-01-19,102,Granola_Honey,Health,5.5,43,None,0.0,0,Monday,4,19,236.5,90,40,7,0.3,False,50
2026-01-05,104,Chips_Vinegar,Snacks,3.99,17,None,0.0,0,Monday,2,5,67.83,158,60,2,0.19,False,98
2026-01-29,104,Chips_Vinegar,Snacks,3.99,16,None,0.0,3,Thursday,5,29,63.84,158,60,2,0.19,False,98
2026-01-27,104,Chips_SeaSalt,Snacks,3.99,98,10%_Discount,0.1,1,Tuesday,5,27,391.02000000000004,10,46,6,0.26,True,-36
2026-01-07,105,Granola_Nut,Health,5.5,104,10%_Discount,0.1,2,Wednesday,2,7,572.0,4,60,3,0.26,True,-56
2026-01-28,103,Chips_Vinegar,Snacks,3.99,38,None,0.0,2,Wednesday,5,28,151.62,7,56,3,0.27,True,-49
2026-01-28,103,Chips_Vinegar,Snacks,3.99,47,None,0.0,2,Wednesday,5,28,187.53,7,56,3,0.27,True,-49
2026-01-11,101,Energy_Drink,Beverage,2.5,49,None,0.0,6,Sunday,2,11,122.5,88,47,7,0.25,False,41
2026-01-20,103,Granola_Nut,Health,5.5,136,BOGO,0.5,1,Tuesday,4,20,748.0,157,59,5,0.2,False,98
2026-01-18,104,Energy_Drink,Beverage,2.5,141,10%_Discount,0.1,6,Sunday,3,18,352.5,154,49,6,0.12,False,105
2026-01-21,103,Chips_SeaSalt,Snacks,3.99,80,10%_Discount,0.1,2,Wednesday,4,21,319.20000000000005,99,54,4,0.3,False,45
2026-01-07,101,Energy_Drink,Beverage,2.5,74,BOGO,0.5,2,Wednesday,2,7,185.0,88,47,7,0.25,False,41
2026-01-24,102,Granola_Honey,Health,5.5,144,10%_Discount,0.1,5,Saturday,4,24,792.0,90,40,7,0.3,False,50
2026-01-08,105,Granola_Nut,Health,5.5,43,None,0.0,3,Thursday,2,8,236.5,4,60,3,0.26,True,-56
2026-01-03,103,Chips_Vinegar,Snacks,3.99,77,BOGO,0.5,5,Saturday,1,3,307.23,7,56,3,0.27,True,-49
2026-01-10,105,Granola_Honey,Health,5.5,18,None,0.0,5,Saturday,2,10,99.0,99,41,5,0.17,False,58
2026-01-18,102,Chips_Vinegar,Snacks,3.99,25,None,0.0,6,Sunday,3,18,99.75,188,47,6,0.11,False,141
2026-01-08,103,Chips_SeaSalt,Snacks,3.99,80,BOGO,0.5,3,Thursday,2,8,319.20000000000005,99,54,4,0.3,False,45
2026-01-31,105,Granola_Nut,Health,5.5,94,10%_Discount,0.1,5,Saturday,5,31,517.0,4,60,3,0.26,True,-56
2026-01-23,102,Energy_Drink,Beverage,2.5,23,None,0.0,4,Friday,4,23,57.5,69,54,5,0.18,False,15
2026-01-30,105,Granola_Nut,Health,5.5,99,BOGO,0.5,4,Friday,5,30,544.5,4,60,3,0.26,True,-56
2026-01-23,103,Granola_Nut,Health,5.5,35,None,0.0,4,Friday,4,23,192.5,157,59,5,0.2,False,98
2026-01-10,105,Granola_Honey,Health,5.5,127,BOGO,0.5,5,Saturday,2,10,698.5,99,41,5,0.17,False,58
2026-01-13,102,Chips_Vinegar,Snacks,3.99,82,10%_Discount,0.1,1,Tuesday,3,13,327.18,188,47,6,0.11,False,141
2026-01-23,102,Energy_Drink,Beverage,2.5,23,None,0.0,4,Friday,4,23,57.5,69,54,5,0.18,False,15
2026-01-24,104,Energy_Drink,Beverage,2.5,49,None,0.0,5,Saturday,4,24,122.5,154,49,6,0.12,False,105
2026-01-04,105,Chips_SeaSalt,Snacks,3.99,17,None,0.0,6,Sunday,1,4,67.83,163,47,7,0.1,False,116
2026-01-15,103,Granola_Honey,Health,5.5,18,None,0.0,3,Thursday,3,15,99.0,144,51,5,0.23,False,93
2026-01-01,101,Chips_SeaSalt,Snacks,3.99,24,None,0.0,3,Thursday,1,1,95.76,113,49,7,0.22,False,64
2026-01-28,102,Energy_Drink,Beverage,2.5,105,BOGO,0.5,2,Wednesday,5,28,262.5,69,54,5,0.18,False,15
2026-01-24,105,Granola_Honey,Health,5.5,41,None,0.0,5,Saturday,4,24,225.5,99,41,5,0.17,False,58
2026-01-03,102,Granola_Nut,Health,5.5,43,None,0.0,5,Saturday,1,3,236.5,179,59,4,0.1,False,120
2026-01-30,105,Granola_Honey,Health,5.5,50,None,0.0,4,Friday,5,30,275.0,99,41,5,0.17,False,58
2026-01-03,103,Chips_SeaSalt,Snacks,3.99,100,10%_Discount,0.1,5,Saturday,1,3,399.0,99,54,4,0.3,False,45
2026-01-02,102,Chips_Vinegar,Snacks,3.99,24,None,0.0,4,Friday,1,2,95.76,188,47,6,0.11,False,141
2026-01-26,101,Energy_Drink,Beverage,2.5,119,BOGO,0.5,0,Monday,5,26,297.5,88,47,7,0.25,False,41
2026-01-03,104,Chips_SeaSalt,Snacks,3.99,19,None,0.0,5,Saturday,1,3,75.81,10,46,6,0.26,True,-36
2026-01-31,101,Granola_Honey,Health,5.5,16,None,0.0,5,Saturday,5,31,88.0,39,60,6,0.18,True,-21
2026-01-19,105,Chips_Vinegar,Snacks,3.99,16,None,0.0,0,Monday,4,19,63.84,155,58,3,0.23,False,97
2026-01-25,104,Chips_SeaSalt,Snacks,3.99,31,None,0.0,6,Sunday,4,25,123.69000000000001,10,46,6,0.26,True,-36
2026-01-23,103,Energy_Drink,Beverage,2.5,66,BOGO,0.5,4,Friday,4,23,165.0,27,42,6,0.27,True,-15
2026-01-30,101,Chips_SeaSalt,Snacks,3.99,14,None,0.0,4,Friday,5,30,55.86,113,49,7,0.22,False,64
2026-01-04,103,Chips_Vinegar,Snacks,3.99,138,10%_Discount,0.1,6,Sunday,1,4,550.62,7,56,3,0.27,True,-49
2026-01-16,101,Chips_Vinegar,Snacks,3.99,22,None,0.0,4,Friday,3,16,87.78,61,58,2,0.12,False,3
2026-01-02,103,Granola_Nut,Health,5.5,148,BOGO,0.5,4,Friday,1,2,814.0,157,59,5,0.2,False,98
2026-01-12,101,Granola_Honey,Health,5.5,18,None,0.0,0,Monday,3,12,99.0,39,60,6,0.18,True,-21
2026-01-18,104,Granola_Nut,Health,5.5,15,None,0.0,6,Sunday,3,18,82.5,92,52,2,0.27,False,40
2026-01-04,105,Energy_Drink,Beverage,2.5,31,None,0.0,6,Sunday,1,4,77.5,76,40,5,0.12,False,36
2026-01-07,105,Granola_Nut,Health,5.5,66,BOGO,0.5,2,Wednesday,2,7,363.0,4,60,3,0.26,True,-56
2026-01-11,102,Granola_Nut,Health,5.5,35,None,0.0,6,Sunday,2,11,192.5,179,59,4,0.1,False,120
2026-01-23,102,Granola_Honey,Health,5.5,19,None,0.0,4,Friday,4,23,104.5,90,40,7,0.3,False,50
2026-01-13,103,Chips_SeaSalt,Snacks,3.99,78,BOGO,0.5,1,Tuesday,3,13,311.22,99,54,4,0.3,False,45
2026-01-31,103,Chips_SeaSalt,Snacks,3.99,140,10%_Discount,0.1,5,Saturday,5,31,558.6,99,54,4,0.3,False,45
2026-01-31,104,Chips_SeaSalt,Snacks,3.99,39,None,0.0,5,Saturday,5,31,155.61,10,46,6,0.26,True,-36
2026-01-02,101,Granola_Honey,Health,5.5,44,None,0.0,4,Friday,1,2,242.0,39,60,6,0.18,True,-21
2026-01-26,102,Granola_Honey,Health,5.5,50,None,0.0,0,Monday,5,26,275.0,90,40,7,0.3,False,50
2026-01-16,105,Granola_Honey,Health,5.5,20,None,0.0,4,Friday,3,16,110.0,99,41,5,0.17,False,58
2026-01-31,104,Granola_Honey,Health,5.5,83,BOGO,0.5,5,Saturday,5,31,456.5,146,58,3,0.22,False,88
2026-01-02,104,Granola_Nut,Health,5.5,20,None,0.0,4,Friday,1,2,110.0,92,52,2,0.27,False,40
2026-01-12,102,Chips_SeaSalt,Snacks,3.99,136,BOGO,0.5,0,Monday,3,12,542.64,96,50,4,0.24,False,46
2026-01-12,101,Chips_SeaSalt,Snacks,3.99,37,None,0.0,0,Monday,3,12,147.63,113,49,7,0.22,False,64
2026-01-31,101,Granola_Honey,Health,5.5,114,BOGO,0.5,5,Saturday,5,31,627.0,39,60,6,0.18,True,-21
2026-01-06,105,Energy_Drink,Beverage,2.5,63,10%_Discount,0.1,1,Tuesday,2,6,157.5,76,40,5,0.12,False,36
2026-01-06,103,Granola_Nut,Health,5.5,113,BOGO,0.5,1,Tuesday,2,6,621.5,157,59,5,0.2,False,98
2026-01-23,104,Chips_Vinegar,Snacks,3.99,10,None,0.0,4,Friday,4,23,39.900000000000006,158,60,2,0.19,False,98
2026-01-26,103,Chips_Vinegar,Snacks,3.99,113,BOGO,0.5,0,Monday,5,26,450.87,7,56,3,0.27,True,-49
2026-01-24,101,Energy_Drink,Beverage,2.5,113,BOGO,0.5,5,Saturday,4,24,282.5,88,47,7,0.25,False,41
2026-01-07,105,Granola_Honey,Health,5.5,18,None,0.0,2,Wednesday,2,7,99.0,99,41,5,0.17,False,58
2026-01-22,105,Energy_Drink,Beverage,2.5,19,None,0.0,3,Thursday,4,22,47.5,76,40,5,0.12,False,36
2026-01-17,105,Granola_Nut,Health,5.5,41,None,0.0,5,Saturday,3,17,225.5,4,60,3,0.26,True,-56
2026-01-30,105,Granola_Honey,Health,5.5,70,BOGO,0.5,4,Friday,5,30,385.0,99,41,5,0.17,False,58
2026-01-03,103,Granola_Nut,Health,5.5,123,BOGO,0.5,5,Saturday,1,3,676.5,157,59,5,0.2,False,98
2026-01-22,105,Chips_Vinegar,Snacks,3.99,35,None,0.0,3,Thursday,4,22,139.65,155,58,3,0.23,False,97
2026-01-30,103,Chips_Vinegar,Snacks,3.99,87,10%_Discount,0.1,4,Friday,5,30,347.13,7,56,3,0.27,True,-49
2026-01-18,105,Granola_Honey,Health,5.5,34,None,0.0,6,Sunday,3,18,187.0,99,41,5,0.17,False,58
2026-01-29,104,Granola_Honey,Health,5.5,27,None,0.0,3,Thursday,5,29,148.5,146,58,3,0.22,False,88
2026-01-15,105,Chips_SeaSalt,Snacks,3.99,140,10%_Discount,0.1,3,Thursday,3,15,558.6,163,47,7,0.1,False,116
2026-01-25,103,Energy_Drink,Beverage,2.5,76,10%_Discount,0.1,6,Sunday,4,25,190.0,27,42,6,0.27,True,-15
2026-01-10,101,Granola_Nut,Health,5.5,43,None,0.0,5,Saturday,2,10,236.5,95,59,6,0.25,False,36
2026-01-11,103,Chips_SeaSalt,Snacks,3.99,16,None,0.0,6,Sunday,2,11,63.84,99,54,4,0.3,False,45
2026-01-23,104,Chips_Vinegar,Snacks,3.99,37,None,0.0,4,Friday,4,23,147.63,158,60,2,0.19,False,98
2026-01-13,104,Chips_Vinegar,Snacks,3.99,46,None,0.0,1,Tuesday,3,13,183.54000000000002,158,60,2,0.19,False,98
2026-01-09,102,Granola_Nut,Health,5.5,136,10%_Discount,0.1,4,Friday,2,9,748.0,179,59,4,0.1,False,120
2026-01-19,101,Chips_SeaSalt,Snacks,3.99,41,None,0.0,0,Monday,4,19,163.59,113,49,7,0.22,False,64
2026-01-28,102,Chips_Vinegar,Snacks,3.99,104,10%_Discount,0.1,2,Wednesday,5,28,414.96000000000004,188,47,6,0.11,False,141
2026-01-06,102,Chips_SeaSalt,Snacks,3.99,13,None,0.0,1,Tuesday,2,6,51.870000000000005,96,50,4,0.24,False,46
2026-01-07,102,Granola_Nut,Health,5.5,65,10%_Discount,0.1,2,Wednesday,2,7,357.5,179,59,4,0.1,False,120
2026-01-31,101,Granola_Honey,Health,5.5,66,10%_Discount,0.1,5,Saturday,5,31,363.0,39,60,6,0.18,True,-21
2026-01-02,101,Chips_SeaSalt,Snacks,3.99,39,None,0.0,4,Friday,1,2,155.61,113,49,7,0.22,False,64
2026-01-08,103,Granola_Nut,Health,5.5,45,None,0.0,3,Thursday,2,8,247.5,157,59,5,0.2,False,98
2026-01-11,103,Granola_Honey,Health,5.5,74,10%_Discount,0.1,6,Sunday,2,11,407.0,144,51,5,0.23,False,93
2026-01-12,104,Granola_Nut,Health,5.5,50,None,0.0,0,Monday,3,12,275.0,92,52,2,0.27,False,40
2026-01-28,104,Chips_Vinegar,Snacks,3.99,72,10%_Discount,0.1,2,Wednesday,5,28,287.28000000000003,158,60,2,0.19,False,98
2026-01-30,104,Energy_Drink,Beverage,2.5,20,None,0.0,4,Friday,5,30,50.0,154,49,6,0.12,False,105
2026-01-16,104,Granola_Nut,Health,5.5,132,10%_Discount,0.1,4,Friday,3,16,726.0,92,52,2,0.27,False,40
2026-01-29,103,Chips_Vinegar,Snacks,3.99,131,10%_Discount,0.1,3,Thursday,5,29,522.69,7,56,3,0.27,True,-49
2026-01-15,105,Chips_SeaSalt,Snacks,3.99,117,BOGO,0.5,3,Thursday,3,15,466.83000000000004,163,47,7,0.1,False,116
2026-01-15,103,Chips_SeaSalt,Snacks,3.99,63,10%_Discount,0.1,3,Thursday,3,15,251.37,99,54,4,0.3,False,45
2026-01-15,105,Chips_Vinegar,Snacks,3.99,31,None,0.0,3,Thursday,3,15,123.69000000000001,155,58,3,0.23,False,97
2026-01-27,105,Granola_Honey,Health,5.5,144,BOGO,0.5,1,Tuesday,5,27,792.0,99,41,5,0.17,False,58
2026-01-08,104,Granola_Nut,Health,5.5,73,10%_Discount,0.1,3,Thursday,2,8,401.5,92,52,2,0.27,False,40
2026-01-30,101,Chips_SeaSalt,Snacks,3.99,47,None,0.0,4,Friday,5,30,187.53,113,49,7,0.22,False,64
2026-01-22,101,Granola_Nut,Health,5.5,121,BOGO,0.5,3,Thursday,4,22,665.5,95,59,6,0.25,False,36
2026-01-13,102,Chips_SeaSalt,Snacks,3.99,29,None,0.0,1,Tuesday,3,13,115.71000000000001,96,50,4,0.24,False,46
2026-01-20,103,Chips_SeaSalt,Snacks,3.99,42,None,0.0,1,Tuesday,4,20,167.58,99,54,4,0.3,False,45
2026-01-03,105,Granola_Honey,Health,5.5,107,10%_Discount,0.1,5,Saturday,1,3,588.5,99,41,5,0.17,False,58
2026-01-31,105,Energy_Drink,Beverage,2.5,97,10%_Discount,0.1,5,Saturday,5,31,242.5,76,40,5,0.12,False,36
2026-01-07,105,Granola_Honey,Health,5.5,132,BOGO,0.5,2,Wednesday,2,7,726.0,99,41,5,0.17,False,58
2026-01-15,101,Chips_SeaSalt,Snacks,3.99,48,None,0.0,3,Thursday,3,15,191.52,113,49,7,0.22,False,64
2026-01-14,102,Granola_Nut,Health,5.5,100,BOGO,0.5,2,Wednesday,3,14,550.0,179,59,4,0.1,False,120
2026-01-26,102,Chips_Vinegar,Snacks,3.99,30,None,0.0,0,Monday,5,26,119.7,188,47,6,0.11,False,141
2026-01-27,101,Energy_Drink,Beverage,2.5,98,10%_Discount,0.1,1,Tuesday,5,27,245.0,88,47,7,0.25,False,41
2026-01-07,101,Granola_Nut,Health,5.5,29,None,0.0,2,Wednesday,2,7,159.5,95,59,6,0.25,False,36
2026-01-07,105,Chips_SeaSalt,Snacks,3.99,72,BOGO,0.5,2,Wednesday,2,7,287.28000000000003,163,47,7,0.1,False,116
2026-01-11,103,Chips_Vinegar,Snacks,3.99,145,BOGO,0.5,6,Sunday,2,11,578.5500000000001,7,56,3,0.27,True,-49
2026-01-22,101,Chips_Vinegar,Snacks,3.99,119,10%_Discount,0.1,3,Thursday,4,22,474.81,61,58,2,0.12,False,3
2026-01-24,101,Granola_Nut,Health,5.5,38,None,0.0,5,Saturday,4,24,209.0,95,59,6,0.25,False,36
2026-01-11,105,Chips_SeaSalt,Snacks,3.99,143,10%_Discount,0.1,6,Sunday,2,11,570.57,163,47,7,0.1,False,116
2026-01-26,101,Chips_SeaSalt,Snacks,3.99,13,None,0.0,0,Monday,5,26,51.870000000000005,113,49,7,0.22,False,64
2026-01-17,101,Energy_Drink,Beverage,2.5,140,BOGO,0.5,5,Saturday,3,17,350.0,88,47,7,0.25,False,41
2026-01-04,105,Chips_SeaSalt,Snacks,3.99,149,BOGO,0.5,6,Sunday,1,4,594.51,163,47,7,0.1,False,116
2026-01-11,101,Chips_Vinegar,Snacks,3.99,29,None,0.0,6,Sunday,2,11,115.71000000000001,61,58,2,0.12,False,3
2026-01-17,104,Granola_Nut,Health,5.5,14,None,0.0,5,Saturday,3,17,77.0,92,52,2,0.27,False,40
2026-01-14,103,Chips_SeaSalt,Snacks,3.99,14,None,0.0,2,Wednesday,3,14,55.86,99,54,4,0.3,False,45
2026-01-29,103,Granola_Honey,Health,5.5,75,10%_Discount,0.1,3,Thursday,5,29,412.5,144,51,5,0.23,False,93
2026-01-28,101,Chips_SeaSalt,Snacks,3.99,10,None,0.0,2,Wednesday,5,28,39.900000000000006,113,49,7,0.22,False,64
2026-01-14,102,Granola_Nut,Health,5.5,26,None,0.0,2,Wednesday,3,14,143.0,179,59,4,0.1,False,120
2026-01-26,103,Chips_SeaSalt,Snacks,3.99,46,None,0.0,0,Monday,5,26,183.54000000000002,99,54,4,0.3,False,45
2026-01-03,104,Chips_SeaSalt,Snacks,3.99,71,BOGO,0.5,5,Saturday,1,3,283.29,10,46,6,0.26,True,-36
2026-01-22,104,Chips_SeaSalt,Snacks,3.99,37,None,0.0,3,Thursday,4,22,147.63,10,46,6,0.26,True,-36
2026-01-11,101,Chips_SeaSalt,Snacks,3.99,85,BOGO,0.5,6,Sunday,2,11,339.15000000000003,113,49,7,0.22,False,64
2026-01-17,105,Chips_Vinegar,Snacks,3.99,32,None,0.0,5,Saturday,3,17,127.68,155,58,3,0.23,False,97
2026-01-30,101,Granola_Honey,Health,5.5,132,10%_Discount,0.1,4,Friday,5,30,726.0,39,60,6,0.18,True,-21
2026-01-20,102,Granola_Honey,Health,5.5,17,None,0.0,1,Tuesday,4,20,93.5,90,40,7,0.3,False,50
2026-01-03,101,Granola_Honey,Health,5.5,15,None,0.0,5,Saturday,1,3,82.5,39,60,6,0.18,True,-21
2026-01-30,101,Chips_Vinegar,Snacks,3.99,66,10%_Discount,0.1,4,Friday,5,30,263.34000000000003,61,58,2,0.12,False,3
2026-01-01,105,Chips_SeaSalt,Snacks,3.99,146,10%_Discount,0.1,3,Thursday,1,1,582.5400000000001,163,47,7,0.1,False,116
2026-01-30,103,Granola_Nut,Health,5.5,147,BOGO,0.5,4,Friday,5,30,808.5,157,59,5,0.2,False,98
2026-01-23,103,Chips_Vinegar,Snacks,3.99,38,None,0.0,4,Friday,4,23,151.62,7,56,3,0.27,True,-49
2026-01-03,103,Chips_SeaSalt,Snacks,3.99,89,10%_Discount,0.1,5,Saturday,1,3,355.11,99,54,4,0.3,False,45
2026-01-29,104,Chips_Vinegar,Snacks,3.99,21,None,0.0,3,Thursday,5,29,83.79,158,60,2,0.19,False,98
2026-01-22,105,Chips_Vinegar,Snacks,3.99,17,None,0.0,3,Thursday,4,22,67.83,155,58,3,0.23,False,97
2026-01-12,103,Granola_Nut,Health,5.5,13,None,0.0,0,Monday,3,12,71.5,157,59,5,0.2,False,98
2026-01-21,103,Energy_Drink,Beverage,2.5,109,10%_Discount,0.1,2,Wednesday,4,21,272.5,27,42,6,0.27,True,-15
2026-01-09,105,Granola_Honey,Health,5.5,31,None,0.0,4,Friday,2,9,170.5,99,41,5,0.17,False,58
2026-01-01,104,Granola_Nut,Health,5.5,97,10%_Discount,0.1,3,Thursday,1,1,533.5,92,52,2,0.27,False,40
2026-01-01,101,Granola_Honey,Health,5.5,37,None,0.0,3,Thursday,1,1,203.5,39,60,6,0.18,True,-21
2026-01-21,103,Granola_Nut,Health,5.5,139,BOGO,0.5,2,Wednesday,4,21,764.5,157,59,5,0.2,False,98
2026-01-18,101,Chips_Vinegar,Snacks,3.99,34,None,0.0,6,Sunday,3,18,135.66,61,58,2,0.12,False,3
2026-01-08,105,Granola_Nut,Health,5.5,32,None,0.0,3,Thursday,2,8,176.0,4,60,3,0.26,True,-56
2026-01-13,102,Granola_Honey,Health,5.5,126,10%_Discount,0.1,1,Tuesday,3,13,693.0,90,40,7,0.3,False,50
2026-01-12,102,Chips_SeaSalt,Snacks,3.99,107,10%_Discount,0.1,0,Monday,3,12,426.93,96,50,4,0.24,False,46
2026-01-11,105,Granola_Nut,Health,5.5,25,None,0.0,6,Sunday,2,11,137.5,4,60,3,0.26,True,-56
2026-01-28,101,Granola_Nut,Health,5.5,22,None,0.0,2,Wednesday,5,28,121.0,95,59,6,0.25,False,36
2026-01-06,102,Granola_Honey,Health,5.5,21,None,0.0,1,Tuesday,2,6,115.5,90,40,7,0.3,False,50
2026-01-17,105,Granola_Nut,Health,5.5,149,10%_Discount,0.1,5,Saturday,3,17,819.5,4,60,3,0.26,True,-56
2026-01-11,105,Chips_SeaSalt,Snacks,3.99,75,10%_Discount,0.1,6,Sunday,2,11,299.25,163,47,7,0.1,False,116
2026-01-17,104,Chips_SeaSalt,Snacks,3.99,78,10%_Discount,0.1,5,Saturday,3,17,311.22,10,46,6,0.26,True,-36
2026-01-26,103,Granola_Honey,Health,5.5,27,None,0.0,0,Monday,5,26,148.5,144,51,5,0.23,False,93
2026-01-09,102,Chips_SeaSalt,Snacks,3.99,15,None,0.0,4,Friday,2,9,59.85,96,50,4,0.24,False,46
2026-01-31,102,Chips_SeaSalt,Snacks,3.99,33,None,0.0,5,Saturday,5,31,131.67000000000002,96,50,4,0.24,False,46
2026-01-22,103,Energy_Drink,Beverage,2.5,24,None,0.0,3,Thursday,4,22,60.0,27,42,6,0.27,True,-15
2026-01-26,101,Chips_SeaSalt,Snacks,3.99,128,10%_Discount,0.1,0,Monday,5,26,510.72,113,49,7,0.22,False,64
2026-01-19,102,Granola_Nut,Health,5.5,12,None,0.0,0,Monday,4,19,66.0,179,59,4,0.1,False,120
2026-01-29,104,Granola_Nut,Health,5.5,20,None,0.0,3,Thursday,5,29,110.0,92,52,2,0.27,False,40
2026-01-28,105,Energy_Drink,Beverage,2.5,121,10%_Discount,0.1,2,Wednesday,5,28,302.5,76,40,5,0.12,False,36
2026-01-07,103,Energy_Drink,Beverage,2.5,46,None,0.0,2,Wednesday,2,7,115.0,27,42,6,0.27,True,-15
2026-01-07,101,Granola_Honey,Health,5.5,46,None,0.0,2,Wednesday,2,7,253.0,39,60,6,0.18,True,-21
2026-01-08,105,Chips_SeaSalt,Snacks,3.99,96,10%_Discount,0.1,3,Thursday,2,8,383.04,163,47,7,0.1,False,116
2026-01-22,104,Granola_Nut,Health,5.5,127,10%_Discount,0.1,3,Thursday,4,22,698.5,92,52,2,0.27,False,40
2026-01-29,105,Granola_Honey,Health,5.5,23,None,0.0,3,Thursday,5,29,126.5,99,41,5,0.17,False,58
2026-01-30,103,Granola_Honey,Health,5.5,17,None,0.0,4,Friday,5,30,93.5,144,51,5,0.23,False,93
2026-01-23,102,Energy_Drink,Beverage,2.5,24,None,0.0,4,Friday,4,23,60.0,69,54,5,0.18,False,15
2026-01-30,101,Energy_Drink,Beverage,2.5,25,None,0.0,4,Friday,5,30,62.5,88,47,7,0.25,False,41
2026-01-05,103,Energy_Drink,Beverage,2.5,48,None,0.0,0,Monday,2,5,120.0,27,42,6,0.27,True,-15
2026-01-01,101,Granola_Nut,Health,5.5,143,BOGO,0.5,3,Thursday,1,1,786.5,95,59,6,0.25,False,36
2026-01-07,101,Granola_Nut,Health,5.5,63,BOGO,0.5,2,Wednesday,2,7,346.5,95,59,6,0.25,False,36
2026-01-30,104,Chips_Vinegar,Snacks,3.99,88,BOGO,0.5,4,Friday,5,30,351.12,158,60,2,0.19,False,98
2026-01-17,104,Granola_Nut,Health,5.5,119,BOGO,0.5,5,Saturday,3,17,654.5,92,52,2,0.27,False,40
2026-01-24,102,Chips_SeaSalt,Snacks,3.99,49,None,0.0,5,Saturday,4,24,195.51000000000002,96,50,4,0.24,False,46
2026-01-12,103,Chips_SeaSalt,Snacks,3.99,33,None,0.0,0,Monday,3,12,131.67000000000002,99,54,4,0.3,False,45
2026-01-03,105,Granola_Honey,Health,5.5,133,BOGO,0.5,5,Saturday,1,3,731.5,99,41,5,0.17,False,58
2026-01-24,103,Energy_Drink,Beverage,2.5,135,10%_Discount,0.1,5,Saturday,4,24,337.5,27,42,6,0.27,True,-15
2026-01-08,103,Granola_Honey,Health,5.5,86,BOGO,0.5,3,Thursday,2,8,473.0,144,51,5,0.23,False,93
2026-01-08,105,Granola_Nut,Health,5.5,17,None,0.0,3,Thursday,2,8,93.5,4,60,3,0.26,True,-56
2026-01-24,103,Chips_Vinegar,Snacks,3.99,43,None,0.0,5,Saturday,4,24,171.57000000000002,7,56,3,0.27,True,-49
2026-01-03,104,Granola_Honey,Health,5.5,11,None,0.0,5,Saturday,1,3,60.5,146,58,3,0.22,False,88
2026-01-12,104,Energy_Drink,Beverage,2.5,21,None,0.0,0,Monday,3,12,52.5,154,49,6,0.12,False,105
2026-01-31,105,Chips_Vinegar,Snacks,3.99,77,BOGO,0.5,5,Saturday,5,31,307.23,155,58,3,0.23,False,97
2026-01-13,101,Energy_Drink,Beverage,2.5,63,10%_Discount,0.1,1,Tuesday,3,13,157.5,88,47,7,0.25,False,41
2026-01-23,103,Chips_Vinegar,Snacks,3.99,129,10%_Discount,0.1,4,Friday,4,23,514.71,7,56,3,0.27,True,-49
2026-01-01,104,Energy_Drink,Beverage,2.5,68,BOGO,0.5,3,Thursday,1,1,170.0,154,49,6,0.12,False,105
2026-01-31,104,Chips_Vinegar,Snacks,3.99,22,None,0.0,5,Saturday,5,31,87.78,158,60,2,0.19,False,98
2026-01-09,105,Energy_Drink,Beverage,2.5,49,None,0.0,4,Friday,2,9,122.5,76,40,5,0.12,False,36
2026-01-21,102,Granola_Honey,Health,5.5,45,None,0.0,2,Wednesday,4,21,247.5,90,40,7,0.3,False,50
2026-01-15,102,Chips_SeaSalt,Snacks,3.99,19,None,0.0,3,Thursday,3,15,75.81,96,50,4,0.24,False,46
2026-01-21,105,Granola_Honey,Health,5.5,121,BOGO,0.5,2,Wednesday,4,21,665.5,99,41,5,0.17,False,58
2026-01-01,105,Chips_Vinegar,Snacks,3.99,26,None,0.0,3,Thursday,1,1,103.74000000000001,155,58,3,0.23,False,97
2026-01-31,103,Granola_Honey,Health,5.5,143,10%_Discount,0.1,5,Saturday,5,31,786.5,144,51,5,0.23,False,93
2026-01-10,102,Chips_SeaSalt,Snacks,3.99,37,None,0.0,5,Saturday,2,10,147.63,96,50,4,0.24,False,46
2026-01-27,102,Chips_SeaSalt,Snacks,3.99,94,BOGO,0.5,1,Tuesday,5,27,375.06,96,50,4,0.24,False,46
2026-01-31,104,Granola_Nut,Health,5.5,108,BOGO,0.5,5,Saturday,5,31,594.0,92,52,2,0.27,False,40
2026-01-31,104,Energy_Drink,Beverage,2.5,40,None,0.0,5,Saturday,5,31,100.0,154,49,6,0.12,False,105
2026-01-17,104,Granola_Honey,Health,5.5,88,BOGO,0.5,5,Saturday,3,17,484.0,146,58,3,0.22,False,88
2026-01-31,104,Granola_Honey,Health,5.5,28,None,0.0,5,Saturday,5,31,154.0,146,58,3,0.22,False,88
2026-01-31,101,Granola_Honey,Health,5.5,29,None,0.0,5,Saturday,5,31,159.5,39,60,6,0.18,True,-21
2026-01-17,105,Chips_Vinegar,Snacks,3.99,132,10%_Discount,0.1,5,Saturday,3,17,526.6800000000001,155,58,3,0.23,False,97
2026-01-23,105,Granola_Honey,Health,5.5,85,10%_Discount,0.1,4,Friday,4,23,467.5,99,41,5,0.17,False,58
2026-01-16,104,Chips_Vinegar,Snacks,3.99,67,BOGO,0.5,4,Friday,3,16,267.33000000000004,158,60,2,0.19,False,98
2026-01-22,103,Chips_SeaSalt,Snacks,3.99,127,BOGO,0.5,3,Thursday,4,22,506.73,99,54,4,0.3,False,45
2026-01-07,103,Granola_Nut,Health,5.5,112,10%_Discount,0.1,2,Wednesday,2,7,616.0,157,59,5,0.2,False,98
2026-01-28,103,Granola_Honey,Health,5.5,72,10%_Discount,0.1,2,Wednesday,5,28,396.0,144,51,5,0.23,False,93
2026-01-01,103,Chips_Vinegar,Snacks,3.99,121,10%_Discount,0.1,3,Thursday,1,1,482.79,7,56,3,0.27,True,-49
2026-01-31,102,Energy_Drink,Beverage,2.5,33,None,0.0,5,Saturday,5,31,82.5,69,54,5,0.18,False,15
2026-01-01,104,Chips_SeaSalt,Snacks,3.99,13,None,0.0,3,Thursday,1,1,51.870000000000005,10,46,6,0.26,True,-36
2026-01-03,105,Granola_Honey,Health,5.5,16,None,0.0,5,Saturday,1,3,88.0,99,41,5,0.17,False,58
2026-01-13,103,Chips_Vinegar,Snacks,3.99,110,BOGO,0.5,1,Tuesday,3,13,438.90000000000003,7,56,3,0.27,True,-49
2026-01-15,104,Granola_Honey,Health,5.5,143,BOGO,0.5,3,Thursday,3,15,786.5,146,58,3,0.22,False,88
2026-01-11,105,Chips_SeaSalt,Snacks,3.99,26,None,0.0,6,Sunday,2,11,103.74000000000001,163,47,7,0.1,False,116
2026-01-31,102,Granola_Honey,Health,5.5,25,None,0.0,5,Saturday,5,31,137.5,90,40,7,0.3,False,50
2026-01-07,102,Chips_SeaSalt,Snacks,3.99,42,None,0.0,2,Wednesday,2,7,167.58,96,50,4,0.24,False,46
2026-01-17,104,Chips_SeaSalt,Snacks,3.99,44,None,0.0,5,Saturday,3,17,175.56,10,46,6,0.26,True,-36
2026-01-14,105,Chips_SeaSalt,Snacks,3.99,40,None,0.0,2,Wednesday,3,14,159.60000000000002,163,47,7,0.1,False,116
2026-01-12,105,Energy_Drink,Beverage,2.5,112,10%_Discount,0.1,0,Monday,3,12,280.0,76,40,5,0.12,False,36
2026-01-29,101,Chips_Vinegar,Snacks,3.99,38,None,0.0,3,Thursday,5,29,151.62,61,58,2,0.12,False,3
2026-01-25,104,Granola_Honey,Health,5.5,37,None,0.0,6,Sunday,4,25,203.5,146,58,3,0.22,False,88
2026-01-22,101,Granola_Honey,Health,5.5,66,10%_Discount,0.1,3,Thursday,4,22,363.0,39,60,6,0.18,True,-21
2026-01-13,103,Chips_Vinegar,Snacks,3.99,42,None,0.0,1,Tuesday,3,13,167.58,7,56,3,0.27,True,-49
2026-01-28,103,Chips_SeaSalt,Snacks,3.99,132,BOGO,0.5,2,Wednesday,5,28,526.6800000000001,99,54,4,0.3,False,45
2026-01-18,105,Granola_Honey,Health,5.5,105,BOGO,0.5,6,Sunday,3,18,577.5,99,41,5,0.17,False,58
2026-01-24,105,Energy_Drink,Beverage,2.5,101,10%_Discount,0.1,5,Saturday,4,24,252.5,76,40,5,0.12,False,36
2026-01-22,105,Granola_Honey,Health,5.5,88,BOGO,0.5,3,Thursday,4,22,484.0,99,41,5,0.17,False,58
2026-01-07,105,Chips_Vinegar,Snacks,3.99,117,BOGO,0.5,2,Wednesday,2,7,466.83000000000004,155,58,3,0.23,False,97
2026-01-12,101,Granola_Honey,Health,5.5,131,10%_Discount,0.1,0,Monday,3,12,720.5,39,60,6,0.18,True,-21
2026-01-13,105,Chips_SeaSalt,Snacks,3.99,64,10%_Discount,0.1,1,Tuesday,3,13,255.36,163,47,7,0.1,False,116
2026-01-24,102,Chips_Vinegar,Snacks,3.99,96,BOGO,0.5,5,Saturday,4,24,383.04,188,47,6,0.11,False,141
2026-01-05,103,Granola_Honey,Health,5.5,136,10%_Discount,0.1,0,Monday,2,5,748.0,144,51,5,0.23,False,93
2026-01-06,105,Energy_Drink,Beverage,2.5,105,BOGO,0.5,1,Tuesday,2,6,262.5,76,40,5,0.12,False,36
2026-01-06,105,Energy_Drink,Beverage,2.5,81,10%_Discount,0.1,1,Tuesday,2,6,202.5,76,40,5,0.12,False,36
2026-01-09,101,Chips_Vinegar,Snacks,3.99,136,BOGO,0.5,4,Friday,2,9,542.64,61,58,2,0.12,False,3
2026-01-25,104,Chips_SeaSalt,Snacks,3.99,16,None,0.0,6,Sunday,4,25,63.84,10,46,6,0.26,True,-36
2026-01-15,104,Granola_Nut,Health,5.5,33,None,0.0,3,Thursday,3,15,181.5,92,52,2,0.27,False,40
2026-01-22,104,Chips_SeaSalt,Snacks,3.99,150,BOGO,0.5,3,Thursday,4,22,598.5,10,46,6,0.26,True,-36
2026-01-28,104,Granola_Honey,Health,5.5,24,None,0.0,2,Wednesday,5,28,132.0,146,58,3,0.22,False,88
2026-01-07,102,Granola_Honey,Health,5.5,50,None,0.0,2,Wednesday,2,7,275.0,90,40,7,0.3,False,50
2026-01-28,104,Granola_Honey,Health,5.5,17,None,0.0,2,Wednesday,5,28,93.5,146,58,3,0.22,False,88
2026-01-28,102,Granola_Honey,Health,5.5,122,BOGO,0.5,2,Wednesday,5,28,671.0,90,40,7,0.3,False,50
2026-01-25,101,Granola_Nut,Health,5.5,111,10%_Discount,0.1,6,Sunday,4,25,610.5,95,59,6,0.25,False,36
2026-01-11,105,Chips_SeaSalt,Snacks,3.99,31,None,0.0,6,Sunday,2,11,123.69000000000001,163,47,7,0.1,False,116
2026-01-06,104,Granola_Nut,Health,5.5,33,None,0.0,1,Tuesday,2,6,181.5,92,52,2,0.27,False,40
2026-01-05,104,Chips_Vinegar,Snacks,3.99,149,BOGO,0.5,0,Monday,2,5,594.51,158,60,2,0.19,False,98
2026-01-29,103,Granola_Nut,Health,5.5,29,None,0.0,3,Thursday,5,29,159.5,157,59,5,0.2,False,98
2026-01-12,103,Granola_Nut,Health,5.5,84,10%_Discount,0.1,0,Monday,3,12,462.0,157,59,5,0.2,False,98
2026-01-23,103,Energy_Drink,Beverage,2.5,16,None,0.0,4,Friday,4,23,40.0,27,42,6,0.27,True,-15
2026-01-03,104,Energy_Drink,Beverage,2.5,103,10%_Discount,0.1,5,Saturday,1,3,257.5,154,49,6,0.12,False,105
2026-01-19,101,Chips_Vinegar,Snacks,3.99,46,None,0.0,0,Monday,4,19,183.54000000000002,61,58,2,0.12,False,3
2026-01-05,103,Chips_SeaSalt,Snacks,3.99,106,10%_Discount,0.1,0,Monday,2,5,422.94,99,54,4,0.3,False,45
2026-01-31,101,Granola_Nut,Health,5.5,36,None,0.0,5,Saturday,5,31,198.0,95,59,6,0.25,False,36
2026-01-12,102,Chips_Vinegar,Snacks,3.99,115,10%_Discount,0.1,0,Monday,3,12,458.85,188,47,6,0.11,False,141
2026-01-03,105,Granola_Nut,Health,5.5,15,None,0.0,5,Saturday,1,3,82.5,4,60,3,0.26,True,-56
2026-01-07,102,Granola_Nut,Health,5.5,99,10%_Discount,0.1,2,Wednesday,2,7,544.5,179,59,4,0.1,False,120
2026-01-24,103,Granola_Honey,Health,5.5,72,BOGO,0.5,5,Saturday,4,24,396.0,144,51,5,0.23,False,93
2026-01-17,104,Energy_Drink,Beverage,2.5,74,10%_Discount,0.1,5,Saturday,3,17,185.0,154,49,6,0.12,False,105
2026-01-19,103,Chips_SeaSalt,Snacks,3.99,70,BOGO,0.5,0,Monday,4,19,279.3,99,54,4,0.3,False,45
2026-01-20,101,Granola_Honey,Health,5.5,39,None,0.0,1,Tuesday,4,20,214.5,39,60,6,0.18,True,-21
2026-01-21,103,Granola_Nut,Health,5.5,11,None,0.0,2,Wednesday,4,21,60.5,157,59,5,0.2,False,98
2026-01-06,105,Energy_Drink,Beverage,2.5,36,None,0.0,1,Tuesday,2,6,90.0,76,40,5,0.12,False,36
2026-01-16,105,Chips_Vinegar,Snacks,3.99,147,BOGO,0.5,4,Friday,3,16,586.5300000000001,155,58,3,0.23,False,97
2026-01-03,105,Granola_Nut,Health,5.5,24,None,0.0,5,Saturday,1,3,132.0,4,60,3,0.26,True,-56
2026-01-21,102,Chips_Vinegar,Snacks,3.99,73,BOGO,0.5,2,Wednesday,4,21,291.27000000000004,188,47,6,0.11,False,141
2026-01-17,105,Granola_Honey,Health,5.5,18,None,0.0,5,Saturday,3,17,99.0,99,41,5,0.17,False,58
2026-01-01,102,Granola_Nut,Health,5.5,22,None,0.0,3,Thursday,1,1,121.0,179,59,4,0.1,False,120
2026-01-24,102,Energy_Drink,Beverage,2.5,83,10%_Discount,0.1,5,Saturday,4,24,207.5,69,54,5,0.18,False,15
2026-01-26,103,Chips_SeaSalt,Snacks,3.99,39,None,0.0,0,Monday,5,26,155.61,99,54,4,0.3,False,45
2026-01-18,105,Granola_Honey,Health,5.5,71,10%_Discount,0.1,6,Sunday,3,18,390.5,99,41,5,0.17,False,58
2026-01-22,105,Chips_Vinegar,Snacks,3.99,23,None,0.0,3,Thursday,4,22,91.77000000000001,155,58,3,0.23,False,97
2026-01-20,104,Energy_Drink,Beverage,2.5,135,10%_Discount,0.1,1,Tuesday,4,20,337.5,154,49,6,0.12,False,105
2026-01-29,103,Energy_Drink,Beverage,2.5,97,10%_Discount,0.1,3,Thursday,5,29,242.5,27,42,6,0.27,True,-15
2026-01-25,105,Granola_Nut,Health,5.5,75,BOGO,0.5,6,Sunday,4,25,412.5,4,60,3,0.26,True,-56
2026-01-03,105,Granola_Nut,Health,5.5,38,None,0.0,5,Saturday,1,3,209.0,4,60,3,0.26,True,-56
2026-01-23,105,Granola_Nut,Health,5.5,14,None,0.0,4,Friday,4,23,77.0,4,60,3,0.26,True,-56
2026-01-28,105,Chips_SeaSalt,Snacks,3.99,10,None,0.0,2,Wednesday,5,28,39.900000000000006,163,47,7,0.1,False,116
2026-01-11,102,Granola_Nut,Health,5.5,94,10%_Discount,0.1,6,Sunday,2,11,517.0,179,59,4,0.1,False,120
2026-01-28,103,Granola_Honey,Health,5.5,33,None,0.0,2,Wednesday,5,28,181.5,144,51,5,0.23,False,93
2026-01-26,103,Chips_Vinegar,Snacks,3.99,135,10%_Discount,0.1,0,Monday,5,26,538.65,7,56,3,0.27,True,-49
2026-01-13,103,Granola_Honey,Health,5.5,69,10%_Discount,0.1,1,Tuesday,3,13,379.5,144,51,5,0.23,False,93
2026-01-24,105,Chips_Vinegar,Snacks,3.99,42,None,0.0,5,Saturday,4,24,167.58,155,58,3,0.23,False,97
2026-01-28,102,Granola_Nut,Health,5.5,36,None,0.0,2,Wednesday,5,28,198.0,179,59,4,0.1,False,120
2026-01-08,105,Energy_Drink,Beverage,2.5,137,BOGO,0.5,3,Thursday,2,8,342.5,76,40,5,0.12,False,36
2026-01-25,105,Energy_Drink,Beverage,2.5,84,BOGO,0.5,6,Sunday,4,25,210.0,76,40,5,0.12,False,36
2026-01-13,105,Chips_Vinegar,Snacks,3.99,19,None,0.0,1,Tuesday,3,13,75.81,155,58,3,0.23,False,97
2026-01-18,105,Granola_Nut,Health,5.5,67,10%_Discount,0.1,6,Sunday,3,18,368.5,4,60,3,0.26,True,-56
2026-01-30,105,Energy_Drink,Beverage,2.5,122,BOGO,0.5,4,Friday,5,30,305.0,76,40,5,0.12,False,36
2026-01-15,105,Chips_Vinegar,Snacks,3.99,24,None,0.0,3,Thursday,3,15,95.76,155,58,3,0.23,False,97
2026-01-14,103,Energy_Drink,Beverage,2.5,102,BOGO,0.5,2,Wednesday,3,14,255.0,27,42,6,0.27,True,-15
2026-01-16,104,Chips_SeaSalt,Snacks,3.99,149,10%_Discount,0.1,4,Friday,3,16,594.51,10,46,6,0.26,True,-36
2026-01-16,105,Granola_Nut,Health,5.5,130,BOGO,0.5,4,Friday,3,16,715.0,4,60,3,0.26,True,-56
2026-01-15,101,Granola_Honey,Health,5.5,10,None,0.0,3,Thursday,3,15,55.0,39,60,6,0.18,True,-21
2026-01-10,104,Energy_Drink,Beverage,2.5,112,BOGO,0.5,5,Saturday,2,10,280.0,154,49,6,0.12,False,105
2026-01-25,105,Granola_Nut,Health,5.5,124,BOGO,0.5,6,Sunday,4,25,682.0,4,60,3,0.26,True,-56
2026-01-06,105,Energy_Drink,Beverage,2.5,88,10%_Discount,0.1,1,Tuesday,2,6,220.0,76,40,5,0.12,False,36
2026-01-29,102,Granola_Honey,Health,5.5,105,BOGO,0.5,3,Thursday,5,29,577.5,90,40,7,0.3,False,50
2026-01-04,104,Granola_Nut,Health,5.5,62,BOGO,0.5,6,Sunday,1,4,341.0,92,52,2,0.27,False,40
2026-01-30,105,Granola_Nut,Health,5.5,148,10%_Discount,0.1,4,Friday,5,30,814.0,4,60,3,0.26,True,-56
2026-01-23,103,Granola_Nut,Health,5.5,40,None,0.0,4,Friday,4,23,220.0,157,59,5,0.2,False,98
2026-01-27,103,Chips_Vinegar,Snacks,3.99,139,10%_Discount,0.1,1,Tuesday,5,27,554.61,7,56,3,0.27,True,-49
2026-01-17,105,Chips_Vinegar,Snacks,3.99,48,None,0.0,5,Saturday,3,17,191.52,155,58,3,0.23,False,97
2026-01-25,101,Chips_SeaSalt,Snacks,3.99,137,10%_Discount,0.1,6,Sunday,4,25,546.63,113,49,7,0.22,False,64
2026-01-27,105,Chips_Vinegar,Snacks,3.99,128,BOGO,0.5,1,Tuesday,5,27,510.72,155,58,3,0.23,False,97
2026-01-16,103,Chips_Vinegar,Snacks,3.99,35,None,0.0,4,Friday,3,16,139.65,7,56,3,0.27,True,-49
2026-01-24,105,Energy_Drink,Beverage,2.5,46,None,0.0,5,Saturday,4,24,115.0,76,40,5,0.12,False,36
2026-01-06,104,Energy_Drink,Beverage,2.5,103,10%_Discount,0.1,1,Tuesday,2,6,257.5,154,49,6,0.12,False,105
2026-01-26,101,Energy_Drink,Beverage,2.5,48,None,0.0,0,Monday,5,26,120.0,88,47,7,0.25,False,41
2026-01-08,102,Granola_Honey,Health,5.5,113,10%_Discount,0.1,3,Thursday,2,8,621.5,90,40,7,0.3,False,50
2026-01-21,103,Granola_Nut,Health,5.5,33,None,0.0,2,Wednesday,4,21,181.5,157,59,5,0.2,False,98
2026-01-04,105,Granola_Nut,Health,5.5,30,None,0.0,6,Sunday,1,4,165.0,4,60,3,0.26,True,-56
2026-01-22,105,Chips_Vinegar,Snacks,3.99,39,None,0.0,3,Thursday,4,22,155.61,155,58,3,0.23,False,97
2026-01-14,102,Granola_Honey,Health,5.5,139,10%_Discount,0.1,2,Wednesday,3,14,764.5,90,40,7,0.3,False,50
2026-01-12,103,Energy_Drink,Beverage,2.5,81,BOGO,0.5,0,Monday,3,12,202.5,27,42,6,0.27,True,-15
2026-01-05,105,Granola_Nut,Health,5.5,36,None,0.0,0,Monday,2,5,198.0,4,60,3,0.26,True,-56
2026-01-22,105,Chips_SeaSalt,Snacks,3.99,104,10%_Discount,0.1,3,Thursday,4,22,414.96000000000004,163,47,7,0.1,False,116
2026-01-11,102,Granola_Honey,Health,5.5,120,BOGO,0.5,6,Sunday,2,11,660.0,90,40,7,0.3,False,50
2026-01-02,103,Granola_Nut,Health,5.5,13,None,0.0,4,Friday,1,2,71.5,157,59,5,0.2,False,98
2026-01-18,105,Chips_Vinegar,Snacks,3.99,97,BOGO,0.5,6,Sunday,3,18,387.03000000000003,155,58,3,0.23,False,97
2026-01-12,104,Chips_Vinegar,Snacks,3.99,62,10%_Discount,0.1,0,Monday,3,12,247.38000000000002,158,60,2,0.19,False,98
2026-01-05,102,Chips_SeaSalt,Snacks,3.99,29,None,0.0,0,Monday,2,5,115.71000000000001,96,50,4,0.24,False,46
2026-01-04,103,Chips_SeaSalt,Snacks,3.99,41,None,0.0,6,Sunday,1,4,163.59,99,54,4,0.3,False,45
2026-01-18,102,Chips_Vinegar,Snacks,3.99,115,BOGO,0.5,6,Sunday,3,18,458.85,188,47,6,0.11,False,141
2026-01-31,102,Chips_SeaSalt,Snacks,3.99,127,BOGO,0.5,5,Saturday,5,31,506.73,96,50,4,0.24,False,46
2026-01-13,101,Granola_Nut,Health,5.5,145,10%_Discount,0.1,1,Tuesday,3,13,797.5,95,59,6,0.25,False,36
2026-01-07,102,Chips_SeaSalt,Snacks,3.99,110,BOGO,0.5,2,Wednesday,2,7,438.90000000000003,96,50,4,0.24,False,46
2026-01-31,103,Granola_Honey,Health,5.5,22,None,0.0,5,Saturday,5,31,121.0,144,51,5,0.23,False,93
2026-01-28,101,Granola_Nut,Health,5.5,78,10%_Discount,0.1,2,Wednesday,5,28,429.0,95,59,6,0.25,False,36
2026-01-05,103,Chips_SeaSalt,Snacks,3.99,71,10%_Discount,0.1,0,Monday,2,5,283.29,99,54,4,0.3,False,45
2026-01-14,101,Energy_Drink,Beverage,2.5,22,None,0.0,2,Wednesday,3,14,55.0,88,47,7,0.25,False,41
2026-01-29,103,Energy_Drink,Beverage,2.5,135,10%_Discount,0.1,3,Thursday,5,29,337.5,27,42,6,0.27,True,-15
2026-01-03,105,Granola_Honey,Health,5.5,13,None,0.0,5,Saturday,1,3,71.5,99,41,5,0.17,False,58
2026-01-29,101,Granola_Honey,Health,5.5,43,None,0.0,3,Thursday,5,29,236.5,39,60,6,0.18,True,-21
2026-01-19,101,Granola_Nut,Health,5.5,87,10%_Discount,0.1,0,Monday,4,19,478.5,95,59,6,0.25,False,36
2026-01-12,105,Granola_Honey,Health,5.5,23,None,0.0,0,Monday,3,12,126.5,99,41,5,0.17,False,58
2026-01-29,103,Chips_SeaSalt,Snacks,3.99,97,BOGO,0.5,3,Thursday,5,29,387.03000000000003,99,54,4,0.3,False,45
2026-01-15,101,Granola_Honey,Health,5.5,87,10%_Discount,0.1,3,Thursday,3,15,478.5,39,60,6,0.18,True,-21
2026-01-02,102,Energy_Drink,Beverage,2.5,49,None,0.0,4,Friday,1,2,122.5,69,54,5,0.18,False,15
2026-01-20,102,Granola_Nut,Health,5.5,120,10%_Discount,0.1,1,Tuesday,4,20,660.0,179,59,4,0.1,False,120
2026-01-28,104,Chips_Vinegar,Snacks,3.99,40,None,0.0,2,Wednesday,5,28,159.60000000000002,158,60,2,0.19,False,98
2026-01-20,104,Granola_Nut,Health,5.5,17,None,0.0,1,Tuesday,4,20,93.5,92,52,2,0.27,False,40
2026-01-18,105,Granola_Nut,Health,5.5,90,10%_Discount,0.1,6,Sunday,3,18,495.0,4,60,3,0.26,True,-56
2026-01-10,102,Granola_Honey,Health,5.5,112,BOGO,0.5,5,Saturday,2,10,616.0,90,40,7,0.3,False,50
2026-01-01,104,Granola_Nut,Health,5.5,73,BOGO,0.5,3,Thursday,1,1,401.5,92,52,2,0.27,False,40
2026-01-24,104,Energy_Drink,Beverage,2.5,143,10%_Discount,0.1,5,Saturday,4,24,357.5,154,49,6,0.12,False,105
2026-01-06,102,Chips_Vinegar,Snacks,3.99,89,10%_Discount,0.1,1,Tuesday,2,6,355.11,188,47,6,0.11,False,141
2026-01-09,102,Chips_Vinegar,Snacks,3.99,147,10%_Discount,0.1,4,Friday,2,9,586.5300000000001,188,47,6,0.11,False,141
2026-01-31,104,Chips_Vinegar,Snacks,3.99,102,BOGO,0.5,5,Saturday,5,31,406.98,158,60,2,0.19,False,98
2026-01-05,105,Chips_Vinegar,Snacks,3.99,77,10%_Discount,0.1,0,Monday,2,5,307.23,155,58,3,0.23,False,97
2026-01-06,101,Granola_Nut,Health,5.5,49,None,0.0,1,Tuesday,2,6,269.5,95,59,6,0.25,False,36
2026-01-12,103,Energy_Drink,Beverage,2.5,12,None,0.0,0,Monday,3,12,30.0,27,42,6,0.27,True,-15
2026-01-01,101,Granola_Honey,Health,5.5,17,None,0.0,3,Thursday,1,1,93.5,39,60,6,0.18,True,-21
2026-01-03,104,Chips_SeaSalt,Snacks,3.99,112,10%_Discount,0.1,5,Saturday,1,3,446.88,10,46,6,0.26,True,-36
2026-01-16,103,Granola_Nut,Health,5.5,36,None,0.0,4,Friday,3,16,198.0,157,59,5,0.2,False,98
2026-01-12,102,Chips_Vinegar,Snacks,3.99,84,BOGO,0.5,0,Monday,3,12,335.16,188,47,6,0.11,False,141
2026-01-04,101,Chips_SeaSalt,Snacks,3.99,47,None,0.0,6,Sunday,1,4,187.53,113,49,7,0.22,False,64
2026-01-22,103,Chips_Vinegar,Snacks,3.99,46,None,0.0,3,Thursday,4,22,183.54000000000002,7,56,3,0.27,True,-49
2026-01-28,101,Chips_SeaSalt,Snacks,3.99,75,BOGO,0.5,2,Wednesday,5,28,299.25,113,49,7,0.22,False,64
2026-01-24,102,Granola_Nut,Health,5.5,104,BOGO,0.5,5,Saturday,4,24,572.0,179,59,4,0.1,False,120
2026-01-24,105,Chips_SeaSalt,Snacks,3.99,142,BOGO,0.5,5,Saturday,4,24,566.58,163,47,7,0.1,False,116
2026-01-28,103,Chips_SeaSalt,Snacks,3.99,62,10%_Discount,0.1,2,Wednesday,5,28,247.38000000000002,99,54,4,0.3,False,45
2026-01-01,105,Chips_Vinegar,Snacks,3.99,111,BOGO,0.5,3,Thursday,1,1,442.89000000000004,155,58,3,0.23,False,97
2026-01-13,103,Chips_Vinegar,Snacks,3.99,83,BOGO,0.5,1,Tuesday,3,13,331.17,7,56,3,0.27,True,-49
2026-01-01,103,Chips_SeaSalt,Snacks,3.99,131,BOGO,0.5,3,Thursday,1,1,522.69,99,54,4,0.3,False,45
2026-01-31,103,Granola_Honey,Health,5.5,44,None,0.0,5,Saturday,5,31,242.0,144,51,5,0.23,False,93
2026-01-05,103,Granola_Honey,Health,5.5,108,10%_Discount,0.1,0,Monday,2,5,594.0,144,51,5,0.23,False,93
2026-01-03,105,Energy_Drink,Beverage,2.5,111,BOGO,0.5,5,Saturday,1,3,277.5,76,40,5,0.12,False,36
2026-01-08,104,Granola_Nut,Health,5.5,34,None,0.0,3,Thursday,2,8,187.0,92,52,2,0.27,False,40
2026-01-21,103,Energy_Drink,Beverage,2.5,10,None,0.0,2,Wednesday,4,21,25.0,27,42,6,0.27,True,-15
2026-01-25,104,Chips_Vinegar,Snacks,3.99,15,None,0.0,6,Sunday,4,25,59.85,158,60,2,0.19,False,98
2026-01-07,101,Energy_Drink,Beverage,2.5,110,10%_Discount,0.1,2,Wednesday,2,7,275.0,88,47,7,0.25,False,41
2026-01-24,104,Granola_Nut,Health,5.5,33,None,0.0,5,Saturday,4,24,181.5,92,52,2,0.27,False,40
2026-01-12,104,Granola_Nut,Health,5.5,91,BOGO,0.5,0,Monday,3,12,500.5,92,52,2,0.27,False,40
2026-01-24,105,Energy_Drink,Beverage,2.5,108,10%_Discount,0.1,5,Saturday,4,24,270.0,76,40,5,0.12,False,36
2026-01-23,103,Energy_Drink,Beverage,2.5,72,10%_Discount,0.1,4,Friday,4,23,180.0,27,42,6,0.27,True,-15
2026-01-21,103,Chips_SeaSalt,Snacks,3.99,16,None,0.0,2,Wednesday,4,21,63.84,99,54,4,0.3,False,45
2026-01-04,103,Chips_Vinegar,Snacks,3.99,34,None,0.0,6,Sunday,1,4,135.66,7,56,3,0.27,True,-49
2026-01-29,102,Granola_Honey,Health,5.5,20,None,0.0,3,Thursday,5,29,110.0,90,40,7,0.3,False,50
2026-01-16,102,Granola_Nut,Health,5.5,16,None,0.0,4,Friday,3,16,88.0,179,59,4,0.1,False,120
2026-01-28,103,Chips_Vinegar,Snacks,3.99,14,None,0.0,2,Wednesday,5,28,55.86,7,56,3,0.27,True,-49
2026-01-29,103,Granola_Nut,Health,5.5,12,None,0.0,3,Thursday,5,29,66.0,157,59,5,0.2,False,98
2026-01-16,105,Chips_SeaSalt,Snacks,3.99,63,10%_Discount,0.1,4,Friday,3,16,251.37,163,47,7,0.1,False,116
2026-01-05,105,Granola_Honey,Health,5.5,147,BOGO,0.5,0,Monday,2,5,808.5,99,41,5,0.17,False,58
2026-01-06,102,Energy_Drink,Beverage,2.5,138,BOGO,0.5,1,Tuesday,2,6,345.0,69,54,5,0.18,False,15
2026-01-29,105,Granola_Nut,Health,5.5,23,None,0.0,3,Thursday,5,29,126.5,4,60,3,0.26,True,-56
2026-01-06,105,Chips_SeaSalt,Snacks,3.99,73,BOGO,0.5,1,Tuesday,2,6,291.27000000000004,163,47,7,0.1,False,116
2026-01-02,102,Granola_Honey,Health,5.5,77,BOGO,0.5,4,Friday,1,2,423.5,90,40,7,0.3,False,50
2026-01-22,102,Energy_Drink,Beverage,2.5,10,None,0.0,3,Thursday,4,22,25.0,69,54,5,0.18,False,15
2026-01-26,103,Granola_Nut,Health,5.5,71,10%_Discount,0.1,0,Monday,5,26,390.5,157,59,5,0.2,False,98
2026-01-09,105,Granola_Nut,Health,5.5,26,None,0.0,4,Friday,2,9,143.0,4,60,3,0.26,True,-56
2026-01-12,102,Energy_Drink,Beverage,2.5,150,BOGO,0.5,0,Monday,3,12,375.0,69,54,5,0.18,False,15
2026-01-20,104,Granola_Honey,Health,5.5,40,None,0.0,1,Tuesday,4,20,220.0,146,58,3,0.22,False,88
2026-01-11,102,Granola_Nut,Health,5.5,30,None,0.0,6,Sunday,2,11,165.0,179,59,4,0.1,False,120
2026-01-15,105,Energy_Drink,Beverage,2.5,39,None,0.0,3,Thursday,3,15,97.5,76,40,5,0.12,False,36
2026-01-31,103,Energy_Drink,Beverage,2.5,87,10%_Discount,0.1,5,Saturday,5,31,217.5,27,42,6,0.27,True,-15
2026-01-05,102,Granola_Honey,Health,5.5,19,None,0.0,0,Monday,2,5,104.5,90,40,7,0.3,False,50
2026-01-29,103,Chips_SeaSalt,Snacks,3.99,26,None,0.0,3,Thursday,5,29,103.74000000000001,99,54,4,0.3,False,45
2026-01-11,104,Granola_Nut,Health,5.5,16,None,0.0,6,Sunday,2,11,88.0,92,52,2,0.27,False,40
2026-01-17,104,Energy_Drink,Beverage,2.5,23,None,0.0,5,Saturday,3,17,57.5,154,49,6,0.12,False,105
2026-01-23,101,Granola_Honey,Health,5.5,21,None,0.0,4,Friday,4,23,115.5,39,60,6,0.18,True,-21
2026-01-01,102,Granola_Honey,Health,5.5,37,None,0.0,3,Thursday,1,1,203.5,90,40,7,0.3,False,50
2026-01-17,103,Granola_Honey,Health,5.5,109,10%_Discount,0.1,5,Saturday,3,17,599.5,144,51,5,0.23,False,93
2026-01-01,105,Granola_Nut,Health,5.5,93,10%_Discount,0.1,3,Thursday,1,1,511.5,4,60,3,0.26,True,-56
2026-01-27,102,Energy_Drink,Beverage,2.5,79,10%_Discount,0.1,1,Tuesday,5,27,197.5,69,54,5,0.18,False,15
2026-01-23,103,Chips_Vinegar,Snacks,3.99,130,BOGO,0.5,4,Friday,4,23,518.7,7,56,3,0.27,True,-49
2026-01-24,101,Chips_SeaSalt,Snacks,3.99,67,10%_Discount,0.1,5,Saturday,4,24,267.33000000000004,113,49,7,0.22,False,64
2026-01-04,105,Chips_SeaSalt,Snacks,3.99,27,None,0.0,6,Sunday,1,4,107.73,163,47,7,0.1,False,116
2026-01-27,103,Chips_SeaSalt,Snacks,3.99,138,BOGO,0.5,1,Tuesday,5,27,550.62,99,54,4,0.3,False,45
2026-01-12,102,Granola_Honey,Health,5.5,34,None,0.0,0,Monday,3,12,187.0,90,40,7,0.3,False,50
2026-01-23,103,Granola_Nut,Health,5.5,15,None,0.0,4,Friday,4,23,82.5,157,59,5,0.2,False,98
2026-01-03,101,Granola_Nut,Health,5.5,131,BOGO,0.5,5,Saturday,1,3,720.5,95,59,6,0.25,False,36
2026-01-07,101,Chips_Vinegar,Snacks,3.99,144,BOGO,0.5,2,Wednesday,2,7,574.5600000000001,61,58,2,0.12,False,3
2026-01-25,103,Chips_Vinegar,Snacks,3.99,10,None,0.0,6,Sunday,4,25,39.900000000000006,7,56,3,0.27,True,-49
2026-01-29,101,Granola_Honey,Health,5.5,32,None,0.0,3,Thursday,5,29,176.0,39,60,6,0.18,True,-21
2026-01-05,101,Granola_Nut,Health,5.5,19,None,0.0,0,Monday,2,5,104.5,95,59,6,0.25,False,36
2026-01-15,102,Chips_Vinegar,Snacks,3.99,50,None,0.0,3,Thursday,3,15,199.5,188,47,6,0.11,False,141
2026-01-15,102,Granola_Nut,Health,5.5,118,BOGO,0.5,3,Thursday,3,15,649.0,179,59,4,0.1,False,120
2026-01-30,102,Granola_Honey,Health,5.5,89,BOGO,0.5,4,Friday,5,30,489.5,90,40,7,0.3,False,50
2026-01-16,103,Granola_Honey,Health,5.5,145,BOGO,0.5,4,Friday,3,16,797.5,144,51,5,0.23,False,93
2026-01-17,101,Granola_Nut,Health,5.5,26,None,0.0,5,Saturday,3,17,143.0,95,59,6,0.25,False,36
2026-01-23,103,Energy_Drink,Beverage,2.5,36,None,0.0,4,Friday,4,23,90.0,27,42,6,0.27,True,-15
2026-01-08,104,Granola_Nut,Health,5.5,150,BOGO,0.5,3,Thursday,2,8,825.0,92,52,2,0.27,False,40
2026-01-19,101,Granola_Honey,Health,5.5,25,None,0.0,0,Monday,4,19,137.5,39,60,6,0.18,True,-21
2026-01-27,102,Granola_Honey,Health,5.5,67,10%_Discount,0.1,1,Tuesday,5,27,368.5,90,40,7,0.3,False,50
2026-01-24,102,Chips_SeaSalt,Snacks,3.99,85,BOGO,0.5,5,Saturday,4,24,339.15000000000003,96,50,4,0.24,False,46
2026-01-20,102,Chips_Vinegar,Snacks,3.99,102,10%_Discount,0.1,1,Tuesday,4,20,406.98,188,47,6,0.11,False,141
2026-01-24,104,Chips_SeaSalt,Snacks,3.99,29,None,0.0,5,Saturday,4,24,115.71000000000001,10,46,6,0.26,True,-36
2026-01-02,102,Energy_Drink,Beverage,2.5,42,None,0.0,4,Friday,1,2,105.0,69,54,5,0.18,False,15
2026-01-07,101,Chips_Vinegar,Snacks,3.99,48,None,0.0,2,Wednesday,2,7,191.52,61,58,2,0.12,False,3
2026-01-30,104,Granola_Nut,Health,5.5,95,10%_Discount,0.1,4,Friday,5,30,522.5,92,52,2,0.27,False,40
2026-01-25,103,Chips_Vinegar,Snacks,3.99,111,BOGO,0.5,6,Sunday,4,25,442.89000000000004,7,56,3,0.27,True,-49
2026-01-13,103,Energy_Drink,Beverage,2.5,33,None,0.0,1,Tuesday,3,13,82.5,27,42,6,0.27,True,-15
2026-01-23,103,Chips_SeaSalt,Snacks,3.99,140,10%_Discount,0.1,4,Friday,4,23,558.6,99,54,4,0.3,False,45
2026-01-17,102,Granola_Nut,Health,5.5,24,None,0.0,5,Saturday,3,17,132.0,179,59,4,0.1,False,120
2026-01-10,102,Chips_Vinegar,Snacks,3.99,42,None,0.0,5,Saturday,2,10,167.58,188,47,6,0.11,False,141
2026-01-08,103,Granola_Honey,Health,5.5,47,None,0.0,3,Thursday,2,8,258.5,144,51,5,0.23,False,93
2026-01-19,102,Granola_Honey,Health,5.5,26,None,0.0,0,Monday,4,19,143.0,90,40,7,0.3,False,50
2026-01-28,103,Granola_Honey,Health,5.5,115,10%_Discount,0.1,2,Wednesday,5,28,632.5,144,51,5,0.23,False,93
2026-01-22,105,Granola_Nut,Health,5.5,115,BOGO,0.5,3,Thursday,4,22,632.5,4,60,3,0.26,True,-56
2026-01-19,103,Granola_Honey,Health,5.5,83,10%_Discount,0.1,0,Monday,4,19,456.5,144,51,5,0.23,False,93
2026-01-19,101,Granola_Nut,Health,5.5,64,10%_Discount,0.1,0,Monday,4,19,352.0,95,59,6,0.25,False,36
2026-01-27,104,Granola_Nut,Health,5.5,10,None,0.0,1,Tuesday,5,27,55.0,92,52,2,0.27,False,40
2026-01-04,103,Chips_Vinegar,Snacks,3.99,28,None,0.0,6,Sunday,1,4,111.72,7,56,3,0.27,True,-49
2026-01-06,104,Granola_Honey,Health,5.5,145,10%_Discount,0.1,1,Tuesday,2,6,797.5,146,58,3,0.22,False,88
2026-01-11,105,Granola_Nut,Health,5.5,44,None,0.0,6,Sunday,2,11,242.0,4,60,3,0.26,True,-56
2026-01-08,105,Chips_SeaSalt,Snacks,3.99,39,None,0.0,3,Thursday,2,8,155.61,163,47,7,0.1,False,116
2026-01-29,103,Chips_SeaSalt,Snacks,3.99,40,None,0.0,3,Thursday,5,29,159.60000000000002,99,54,4,0.3,False,45
2026-01-08,102,Granola_Nut,Health,5.5,16,None,0.0,3,Thursday,2,8,88.0,179,59,4,0.1,False,120
2026-01-05,103,Granola_Honey,Health,5.5,15,None,0.0,0,Monday,2,5,82.5,144,51,5,0.23,False,93
2026-01-14,104,Granola_Honey,Health,5.5,21,None,0.0,2,Wednesday,3,14,115.5,146,58,3,0.22,False,88
2026-01-27,103,Granola_Honey,Health,5.5,20,None,0.0,1,Tuesday,5,27,110.0,144,51,5,0.23,False,93
2026-01-26,103,Energy_Drink,Beverage,2.5,33,None,0.0,0,Monday,5,26,82.5,27,42,6,0.27,True,-15
2026-01-21,102,Granola_Nut,Health,5.5,31,None,0.0,2,Wednesday,4,21,170.5,179,59,4,0.1,False,120
2026-01-23,101,Granola_Nut,Health,5.5,110,BOGO,0.5,4,Friday,4,23,605.0,95,59,6,0.25,False,36
2026-01-22,102,Chips_Vinegar,Snacks,3.99,16,None,0.0,3,Thursday,4,22,63.84,188,47,6,0.11,False,141
2026-01-04,104,Energy_Drink,Beverage,2.5,66,BOGO,0.5,6,Sunday,1,4,165.0,154,49,6,0.12,False,105
2026-01-04,102,Chips_SeaSalt,Snacks,3.99,26,None,0.0,6,Sunday,1,4,103.74000000000001,96,50,4,0.24,False,46
2026-01-02,105,Energy_Drink,Beverage,2.5,10,None,0.0,4,Friday,1,2,25.0,76,40,5,0.12,False,36
2026-01-14,103,Granola_Nut,Health,5.5,69,BOGO,0.5,2,Wednesday,3,14,379.5,157,59,5,0.2,False,98
2026-01-11,105,Granola_Nut,Health,5.5,92,BOGO,0.5,6,Sunday,2,11,506.0,4,60,3,0.26,True,-56
2026-01-08,105,Energy_Drink,Beverage,2.5,109,10%_Discount,0.1,3,Thursday,2,8,272.5,76,40,5,0.12,False,36
2026-01-11,104,Granola_Honey,Health,5.5,34,None,0.0,6,Sunday,2,11,187.0,146,58,3,0.22,False,88
2026-01-07,104,Granola_Honey,Health,5.5,66,10%_Discount,0.1,2,Wednesday,2,7,363.0,146,58,3,0.22,False,88
2026-01-30,102,Granola_Honey,Health,5.5,14,None,0.0,4,Friday,5,30,77.0,90,40,7,0.3,False,50
2026-01-05,102,Chips_Vinegar,Snacks,3.99,18,None,0.0,0,Monday,2,5,71.82000000000001,188,47,6,0.11,False,141
2026-01-25,105,Chips_SeaSalt,Snacks,3.99,27,None,0.0,6,Sunday,4,25,107.73,163,47,7,0.1,False,116
2026-01-01,103,Chips_SeaSalt,Snacks,3.99,89,10%_Discount,0.1,3,Thursday,1,1,355.11,99,54,4,0.3,False,45
2026-01-19,101,Granola_Honey,Health,5.5,74,BOGO,0.5,0,Monday,4,19,407.0,39,60,6,0.18,True,-21
2026-01-17,103,Energy_Drink,Beverage,2.5,123,10%_Discount,0.1,5,Saturday,3,17,307.5,27,42,6,0.27,True,-15
2026-01-18,105,Granola_Honey,Health,5.5,26,None,0.0,6,Sunday,3,18,143.0,99,41,5,0.17,False,58
2026-01-05,101,Energy_Drink,Beverage,2.5,36,None,0.0,0,Monday,2,5,90.0,88,47,7,0.25,False,41
2026-01-27,102,Granola_Honey,Health,5.5,78,BOGO,0.5,1,Tuesday,5,27,429.0,90,40,7,0.3,False,50
2026-01-22,101,Chips_SeaSalt,Snacks,3.99,85,10%_Discount,0.1,3,Thursday,4,22,339.15000000000003,113,49,7,0.22,False,64
2026-01-16,105,Granola_Nut,Health,5.5,46,None,0.0,4,Friday,3,16,253.0,4,60,3,0.26,True,-56
2026-01-03,101,Energy_Drink,Beverage,2.5,73,BOGO,0.5,5,Saturday,1,3,182.5,88,47,7,0.25,False,41
2026-01-07,103,Chips_Vinegar,Snacks,3.99,103,BOGO,0.5,2,Wednesday,2,7,410.97,7,56,3,0.27,True,-49
2026-01-22,101,Granola_Honey,Health,5.5,10,None,0.0,3,Thursday,4,22,55.0,39,60,6,0.18,True,-21
2026-01-25,102,Granola_Nut,Health,5.5,38,None,0.0,6,Sunday,4,25,209.0,179,59,4,0.1,False,120
2026-01-06,105,Granola_Nut,Health,5.5,87,10%_Discount,0.1,1,Tuesday,2,6,478.5,4,60,3,0.26,True,-56
2026-01-16,103,Chips_Vinegar,Snacks,3.99,25,None,0.0,4,Friday,3,16,99.75,7,56,3,0.27,True,-49
2026-01-14,101,Chips_Vinegar,Snacks,3.99,15,None,0.0,2,Wednesday,3,14,59.85,61,58,2,0.12,False,3
2026-01-16,104,Chips_Vinegar,Snacks,3.99,30,None,0.0,4,Friday,3,16,119.7,158,60,2,0.19,False,98
2026-01-23,101,Chips_Vinegar,Snacks,3.99,76,10%_Discount,0.1,4,Friday,4,23,303.24,61,58,2,0.12,False,3
2026-01-24,101,Granola_Nut,Health,5.5,18,None,0.0,5,Saturday,4,24,99.0,95,59,6,0.25,False,36
2026-01-12,105,Energy_Drink,Beverage,2.5,16,None,0.0,0,Monday,3,12,40.0,76,40,5,0.12,False,36
2026-01-22,104,Granola_Nut,Health,5.5,116,10%_Discount,0.1,3,Thursday,4,22,638.0,92,52,2,0.27,False,40
2026-01-22,103,Granola_Nut,Health,5.5,97,10%_Discount,0.1,3,Thursday,4,22,533.5,157,59,5,0.2,False,98
2026-01-30,104,Granola_Honey,Health,5.5,40,None,0.0,4,Friday,5,30,220.0,146,58,3,0.22,False,88
2026-01-17,102,Granola_Honey,Health,5.5,92,10%_Discount,0.1,5,Saturday,3,17,506.0,90,40,7,0.3,False,50
2026-01-27,102,Chips_Vinegar,Snacks,3.99,71,10%_Discount,0.1,1,Tuesday,5,27,283.29,188,47,6,0.11,False,141
2026-01-31,103,Granola_Nut,Health,5.5,144,BOGO,0.5,5,Saturday,5,31,792.0,157,59,5,0.2,False,98
2026-01-21,105,Energy_Drink,Beverage,2.5,44,None,0.0,2,Wednesday,4,21,110.0,76,40,5,0.12,False,36
2026-01-30,103,Granola_Nut,Health,5.5,10,None,0.0,4,Friday,5,30,55.0,157,59,5,0.2,False,98
2026-01-30,105,Granola_Nut,Health,5.5,75,BOGO,0.5,4,Friday,5,30,412.5,4,60,3,0.26,True,-56
2026-01-23,101,Energy_Drink,Beverage,2.5,110,BOGO,0.5,4,Friday,4,23,275.0,88,47,7,0.25,False,41
2026-01-12,105,Granola_Honey,Health,5.5,138,10%_Discount,0.1,0,Monday,3,12,759.0,99,41,5,0.17,False,58
2026-01-29,102,Granola_Nut,Health,5.5,43,None,0.0,3,Thursday,5,29,236.5,179,59,4,0.1,False,120
2026-01-08,104,Chips_Vinegar,Snacks,3.99,44,None,0.0,3,Thursday,2,8,175.56,158,60,2,0.19,False,98
2026-01-29,101,Granola_Nut,Health,5.5,106,BOGO,0.5,3,Thursday,5,29,583.0,95,59,6,0.25,False,36
2026-01-31,105,Chips_SeaSalt,Snacks,3.99,25,None,0.0,5,Saturday,5,31,99.75,163,47,7,0.1,False,116
2026-01-07,103,Chips_SeaSalt,Snacks,3.99,44,None,0.0,2,Wednesday,2,7,175.56,99,54,4,0.3,False,45
2026-01-29,105,Granola_Nut,Health,5.5,27,None,0.0,3,Thursday,5,29,148.5,4,60,3,0.26,True,-56
2026-01-02,104,Chips_SeaSalt,Snacks,3.99,99,BOGO,0.5,4,Friday,1,2,395.01000000000005,10,46,6,0.26,True,-36
2026-01-03,102,Granola_Nut,Health,5.5,63,10%_Discount,0.1,5,Saturday,1,3,346.5,179,59,4,0.1,False,120
2026-01-04,102,Granola_Honey,Health,5.5,72,BOGO,0.5,6,Sunday,1,4,396.0,90,40,7,0.3,False,50
2026-01-25,104,Chips_Vinegar,Snacks,3.99,32,None,0.0,6,Sunday,4,25,127.68,158,60,2,0.19,False,98
2026-01-26,102,Chips_SeaSalt,Snacks,3.99,49,None,0.0,0,Monday,5,26,195.51000000000002,96,50,4,0.24,False,46
2026-01-04,104,Granola_Honey,Health,5.5,108,BOGO,0.5,6,Sunday,1,4,594.0,146,58,3,0.22,False,88
2026-01-16,104,Chips_SeaSalt,Snacks,3.99,103,BOGO,0.5,4,Friday,3,16,410.97,10,46,6,0.26,True,-36
2026-01-08,105,Chips_Vinegar,Snacks,3.99,89,BOGO,0.5,3,Thursday,2,8,355.11,155,58,3,0.23,False,97
2026-01-27,103,Chips_Vinegar,Snacks,3.99,75,10%_Discount,0.1,1,Tuesday,5,27,299.25,7,56,3,0.27,True,-49
2026-01-26,104,Chips_Vinegar,Snacks,3.99,11,None,0.0,0,Monday,5,26,43.89,158,60,2,0.19,False,98
2026-01-16,104,Chips_SeaSalt,Snacks,3.99,111,BOGO,0.5,4,Friday,3,16,442.89000000000004,10,46,6,0.26,True,-36
2026-01-07,102,Chips_SeaSalt,Snacks,3.99,123,10%_Discount,0.1,2,Wednesday,2,7,490.77000000000004,96,50,4,0.24,False,46
2026-01-27,102,Granola_Nut,Health,5.5,141,10%_Discount,0.1,1,Tuesday,5,27,775.5,179,59,4,0.1,False,120
2026-01-07,101,Chips_Vinegar,Snacks,3.99,24,None,0.0,2,Wednesday,2,7,95.76,61,58,2,0.12,False,3
2026-01-24,103,Energy_Drink,Beverage,2.5,85,10%_Discount,0.1,5,Saturday,4,24,212.5,27,42,6,0.27,True,-15
2026-01-28,104,Chips_Vinegar,Snacks,3.99,22,None,0.0,2,Wednesday,5,28,87.78,158,60,2,0.19,False,98
2026-01-15,103,Chips_Vinegar,Snacks,3.99,102,BOGO,0.5,3,Thursday,3,15,406.98,7,56,3,0.27,True,-49
2026-01-22,105,Chips_Vinegar,Snacks,3.99,89,10%_Discount,0.1,3,Thursday,4,22,355.11,155,58,3,0.23,False,97
2026-01-09,104,Energy_Drink,Beverage,2.5,36,None,0.0,4,Friday,2,9,90.0,154,49,6,0.12,False,105
2026-01-15,104,Energy_Drink,Beverage,2.5,94,10%_Discount,0.1,3,Thursday,3,15,235.0,154,49,6,0.12,False,105
2026-01-14,101,Granola_Honey,Health,5.5,23,None,0.0,2,Wednesday,3,14,126.5,39,60,6,0.18,True,-21
2026-01-22,104,Granola_Nut,Health,5.5,32,None,0.0,3,Thursday,4,22,176.0,92,52,2,0.27,False,40
2026-01-06,102,Chips_Vinegar,Snacks,3.99,46,None,0.0,1,Tuesday,2,6,183.54000000000002,188,47,6,0.11,False,141
2026-01-30,104,Chips_Vinegar,Snacks,3.99,101,BOGO,0.5,4,Friday,5,30,402.99,158,60,2,0.19,False,98
2026-01-26,105,Energy_Drink,Beverage,2.5,127,BOGO,0.5,0,Monday,5,26,317.5,76,40,5,0.12,False,36
2026-01-26,102,Energy_Drink,Beverage,2.5,144,BOGO,0.5,0,Monday,5,26,360.0,69,54,5,0.18,False,15
2026-01-01,104,Granola_Honey,Health,5.5,44,None,0.0,3,Thursday,1,1,242.0,146,58,3,0.22,False,88
2026-01-02,101,Granola_Nut,Health,5.5,10,None,0.0,4,Friday,1,2,55.0,95,59,6,0.25,False,36
2026-01-25,104,Energy_Drink,Beverage,2.5,109,10%_Discount,0.1,6,Sunday,4,25,272.5,154,49,6,0.12,False,105
2026-01-10,105,Granola_Nut,Health,5.5,145,10%_Discount,0.1,5,Saturday,2,10,797.5,4,60,3,0.26,True,-56
